machine_id,timestamp,temperature,room_temp
M1,2024-01-01T00:00:00,61.44,25.32
M1,2024-01-01T00:10:00,74.9,25.77
M1,2024-01-01T00:20:00,83.26,24.47
M1,2024-01-01T00:30:00,68.21,23.09
M1,2024-01-01T00:40:00,71.08,23.48
M1,2024-01-01T00:50:00,62.46,23.59
M1,2024-01-01T01:00:00,63.85,25.6
M1,2024-01-01T01:10:00,64.28,25.11
M1,2024-01-01T01:20:00,64.0,25.95
M1,2024-01-01T01:30:00,63.99,26.85
M1,2024-01-01T01:40:00,64.33,24.99
M1,2024-01-01T01:50:00,71.11,23.78
M1,2024-01-01T02:00:00,80.89,26.19
M1,2024-01-01T02:10:00,70.69,25.17
M1,2024-01-01T02:20:00,61.95,23.42
M1,2024-01-01T02:30:00,64.7,26.06
M1,2024-01-01T02:40:00,61.35,25.13
M1,2024-01-01T02:50:00,63.62,25.61
M1,2024-01-01T03:00:00,86.75,25.89
M1,2024-01-01T03:10:00,62.8,24.69
M1,2024-01-01T03:20:00,59.46,26.1
M1,2024-01-01T03:30:00,81.68,23.8
M1,2024-01-01T03:40:00,71.17,25.3
M1,2024-01-01T03:50:00,68.81,24.35
M1,2024-01-01T04:00:00,74.48,25.34
M1,2024-01-01T04:10:00,53.9,25.82
M1,2024-01-01T04:20:00,80.74,26.04
M1,2024-01-01T04:30:00,65.9,25.36
M1,2024-01-01T04:40:00,63.05,25.74
M1,2024-01-01T04:50:00,82.57,24.5
M1,2024-01-01T05:00:00,69.51,26.16
M1,2024-01-01T05:10:00,64.35,25.51
M1,2024-01-01T05:20:00,73.86,25.18
M1,2024-01-01T05:30:00,63.49,24.67
M1,2024-01-01T05:40:00,73.37,24.71
M1,2024-01-01T05:50:00,67.03,24.77
M1,2024-01-01T06:00:00,65.02,24.71
M1,2024-01-01T06:10:00,66.19,25.4
M1,2024-01-01T06:20:00,62.28,26.4
M1,2024-01-01T06:30:00,57.41,24.97
M1,2024-01-01T06:40:00,67.51,24.57
M1,2024-01-01T06:50:00,66.04,25.3
M1,2024-01-01T07:00:00,68.7,24.99
M1,2024-01-01T07:10:00,72.71,25.75
M1,2024-01-01T07:20:00,62.99,26.38
M1,2024-01-01T07:30:00,69.93,27.19
M1,2024-01-01T07:40:00,64.53,25.92
M1,2024-01-01T07:50:00,67.5,24.5
M1,2024-01-01T08:00:00,67.05,24.63
M1,2024-01-01T08:10:00,61.69,25.47
M1,2024-01-01T08:20:00,70.1,24.84
M1,2024-01-01T08:30:00,63.08,24.68
M1,2024-01-01T08:40:00,65.22,25.56
M1,2024-01-01T08:50:00,68.14,26.31
M1,2024-01-01T09:00:00,65.38,24.79
M1,2024-01-01T09:10:00,68.3,25.78
M1,2024-01-01T09:20:00,73.5,24.13
M1,2024-01-01T09:30:00,68.25,25.35
M1,2024-01-01T09:40:00,68.13,25.85
M1,2024-01-01T09:50:00,85.88,24.29
M1,2024-01-01T10:00:00,85.52,23.78
M1,2024-01-01T10:10:00,61.04,25.66
M1,2024-01-01T10:20:00,63.24,23.87
M1,2024-01-01T10:30:00,71.82,25.41
M1,2024-01-01T10:40:00,62.66,25.15
M1,2024-01-01T10:50:00,62.55,24.18
M1,2024-01-01T11:00:00,71.39,24.76
M1,2024-01-01T11:10:00,67.07,26.45
M1,2024-01-01T11:20:00,59.97,24.97
M1,2024-01-01T11:30:00,61.65,25.48
M1,2024-01-01T11:40:00,66.38,25.74
M1,2024-01-01T11:50:00,62.77,23.49
M1,2024-01-01T12:00:00,62.37,24.49
M1,2024-01-01T12:10:00,67.87,25.39
M1,2024-01-01T12:20:00,68.15,24.19
M1,2024-01-01T12:30:00,67.29,23.86
M1,2024-01-01T12:40:00,71.36,26.07
M1,2024-01-01T12:50:00,60.11,24.06
M1,2024-01-01T13:00:00,68.52,25.26
M1,2024-01-01T13:10:00,69.58,28.85
M1,2024-01-01T13:20:00,73.65,25.99
M1,2024-01-01T13:30:00,65.42,25.76
M1,2024-01-01T13:40:00,67.83,24.14
M1,2024-01-01T13:50:00,91.94,23.13
M1,2024-01-01T14:00:00,64.93,25.08
M1,2024-01-01T14:10:00,83.58,26.09
M1,2024-01-01T14:20:00,74.8,25.13
M1,2024-01-01T14:30:00,63.35,25.22
M1,2024-01-01T14:40:00,92.17,26.84
M1,2024-01-01T14:50:00,56.87,25.19
M1,2024-01-01T15:00:00,64.78,23.33
M1,2024-01-01T15:10:00,86.51,25.87
M1,2024-01-01T15:20:00,65.33,24.68
M1,2024-01-01T15:30:00,75.83,25.4
M1,2024-01-01T15:40:00,68.89,26.65
M1,2024-01-01T15:50:00,59.4,24.52
M1,2024-01-01T16:00:00,65.81,26.87
M1,2024-01-01T16:10:00,50.79,23.98
M1,2024-01-01T16:20:00,57.03,23.7
M1,2024-01-01T16:30:00,64.8,25.13
M1,2024-01-01T16:40:00,67.29,27.35
M1,2024-01-01T16:50:00,62.09,25.46
M1,2024-01-01T17:00:00,84.39,25.06
M1,2024-01-01T17:10:00,67.57,25.66
M1,2024-01-01T17:20:00,63.92,27.11
M1,2024-01-01T17:30:00,66.24,25.59
M1,2024-01-01T17:40:00,64.57,25.21
M1,2024-01-01T17:50:00,64.05,25.85
M1,2024-01-01T18:00:00,71.76,26.45
M1,2024-01-01T18:10:00,71.06,25.63
M1,2024-01-01T18:20:00,69.76,24.29
M1,2024-01-01T18:30:00,66.9,25.12
M1,2024-01-01T18:40:00,63.65,26.16
M1,2024-01-01T18:50:00,65.91,26.1
M1,2024-01-01T19:00:00,64.96,25.26
M1,2024-01-01T19:10:00,73.53,25.02
M1,2024-01-01T19:20:00,65.8,25.85
M1,2024-01-01T19:30:00,85.97,24.87
M1,2024-01-01T19:40:00,76.56,26.07
M1,2024-01-01T19:50:00,61.97,23.79
M1,2024-01-01T20:00:00,70.85,25.67
M1,2024-01-01T20:10:00,66.94,24.1
M1,2024-01-01T20:20:00,78.73,26.77
M1,2024-01-01T20:30:00,62.87,24.68
M1,2024-01-01T20:40:00,70.07,26.36
M1,2024-01-01T20:50:00,68.22,24.49
M1,2024-01-01T21:00:00,86.68,25.87
M1,2024-01-01T21:10:00,59.76,23.59
M1,2024-01-01T21:20:00,63.68,26.36
M1,2024-01-01T21:30:00,68.55,26.48
M1,2024-01-01T21:40:00,65.49,25.0
M1,2024-01-01T21:50:00,68.61,24.17
M1,2024-01-01T22:00:00,69.46,25.09
M1,2024-01-01T22:10:00,70.45,24.6
M1,2024-01-01T22:20:00,67.35,25.98
M1,2024-01-01T22:30:00,67.49,24.23
M1,2024-01-01T22:40:00,78.38,25.41
M1,2024-01-01T22:50:00,77.77,24.23
M1,2024-01-01T23:00:00,66.45,25.98
M1,2024-01-01T23:10:00,62.8,24.4
M1,2024-01-01T23:20:00,72.16,23.19
M1,2024-01-01T23:30:00,86.03,26.88
M1,2024-01-01T23:40:00,69.86,25.97
M1,2024-01-01T23:50:00,60.4,26.83
M1,2024-01-02T00:00:00,66.63,24.72
M1,2024-01-02T00:10:00,58.43,26.35
M1,2024-01-02T00:20:00,68.38,25.28
M1,2024-01-02T00:30:00,59.03,24.4
M1,2024-01-02T00:40:00,85.78,25.3
M1,2024-01-02T00:50:00,67.03,25.05
M1,2024-01-02T01:00:00,65.43,23.4
M1,2024-01-02T01:10:00,67.6,25.51
M1,2024-01-02T01:20:00,72.3,26.54
M1,2024-01-02T01:30:00,68.66,24.25
M1,2024-01-02T01:40:00,67.57,26.55
M1,2024-01-02T01:50:00,77.3,26.76
M1,2024-01-02T02:00:00,61.9,24.73
M1,2024-01-02T02:10:00,86.94,26.37
M1,2024-01-02T02:20:00,64.83,24.66
M1,2024-01-02T02:30:00,88.18,23.24
M1,2024-01-02T02:40:00,71.43,24.86
M1,2024-01-02T02:50:00,74.51,25.07
M1,2024-01-02T03:00:00,71.91,25.33
M1,2024-01-02T03:10:00,58.48,24.94
M1,2024-01-02T03:20:00,66.97,25.4
M1,2024-01-02T03:30:00,60.48,25.67
M1,2024-01-02T03:40:00,81.7,25.49
M1,2024-01-02T03:50:00,66.69,25.96
M1,2024-01-02T04:00:00,64.77,24.52
M1,2024-01-02T04:10:00,83.41,24.21
M1,2024-01-02T04:20:00,59.83,24.81
M1,2024-01-02T04:30:00,76.82,25.04
M1,2024-01-02T04:40:00,86.54,26.2
M1,2024-01-02T04:50:00,66.44,24.78
M1,2024-01-02T05:00:00,63.32,25.58
M1,2024-01-02T05:10:00,65.62,22.7
M1,2024-01-02T05:20:00,63.87,22.81
M1,2024-01-02T05:30:00,69.88,25.31
M1,2024-01-02T05:40:00,62.14,25.08
M1,2024-01-02T05:50:00,58.97,25.2
M1,2024-01-02T06:00:00,66.07,24.95
M1,2024-01-02T06:10:00,63.77,23.92
M1,2024-01-02T06:20:00,68.09,25.91
M1,2024-01-02T06:30:00,66.96,26.48
M1,2024-01-02T06:40:00,78.87,26.01
M1,2024-01-02T06:50:00,61.81,24.81
M1,2024-01-02T07:00:00,73.98,23.69
M1,2024-01-02T07:10:00,60.01,25.56
M1,2024-01-02T07:20:00,64.71,24.37
M1,2024-01-02T07:30:00,64.04,24.14
M1,2024-01-02T07:40:00,54.49,25.68
M1,2024-01-02T07:50:00,65.81,24.09
M1,2024-01-02T08:00:00,68.19,25.27
M1,2024-01-02T08:10:00,69.5,24.02
M1,2024-01-02T08:20:00,77.22,26.62
M1,2024-01-02T08:30:00,63.69,25.57
M1,2024-01-02T08:40:00,68.4,22.26
M1,2024-01-02T08:50:00,68.3,24.1
M1,2024-01-02T09:00:00,61.3,25.27
M1,2024-01-02T09:10:00,63.74,25.05
M1,2024-01-02T09:20:00,63.99,25.76
M1,2024-01-02T09:30:00,69.65,26.44
M1,2024-01-02T09:40:00,58.15,23.97
M1,2024-01-02T09:50:00,68.86,24.4
M1,2024-01-02T10:00:00,69.44,26.58
M1,2024-01-02T10:10:00,68.69,24.59
M1,2024-01-02T10:20:00,65.41,24.68
M1,2024-01-02T10:30:00,68.45,27.08
M1,2024-01-02T10:40:00,65.65,25.95
M1,2024-01-02T10:50:00,56.81,23.99
M1,2024-01-02T11:00:00,72.26,24.16
M1,2024-01-02T11:10:00,68.63,24.78
M1,2024-01-02T11:20:00,71.46,25.1
M1,2024-01-02T11:30:00,59.61,26.14
M1,2024-01-02T11:40:00,69.55,26.25
M1,2024-01-02T11:50:00,67.91,25.25
M1,2024-01-02T12:00:00,61.54,24.18
M1,2024-01-02T12:10:00,67.36,24.52
M1,2024-01-02T12:20:00,65.26,25.83
M1,2024-01-02T12:30:00,65.65,24.02
M1,2024-01-02T12:40:00,64.86,24.45
M1,2024-01-02T12:50:00,71.35,26.36
M1,2024-01-02T13:00:00,58.84,25.28
M1,2024-01-02T13:10:00,58.11,26.5
M1,2024-01-02T13:20:00,67.9,27.64
M1,2024-01-02T13:30:00,67.55,25.73
M1,2024-01-02T13:40:00,68.08,25.44
M1,2024-01-02T13:50:00,76.41,26.35
M1,2024-01-02T14:00:00,67.92,25.1
M1,2024-01-02T14:10:00,62.05,24.87
M1,2024-01-02T14:20:00,79.69,25.52
M1,2024-01-02T14:30:00,66.21,24.57
M1,2024-01-02T14:40:00,71.26,22.68
M1,2024-01-02T14:50:00,60.55,23.7
M1,2024-01-02T15:00:00,59.49,24.74
M1,2024-01-02T15:10:00,65.77,24.73
M1,2024-01-02T15:20:00,71.02,24.84
M1,2024-01-02T15:30:00,76.24,26.13
M1,2024-01-02T15:40:00,81.95,25.52
M1,2024-01-02T15:50:00,65.66,23.89
M1,2024-01-02T16:00:00,67.0,25.16
M1,2024-01-02T16:10:00,67.07,24.98
M1,2024-01-02T16:20:00,66.43,25.16
M1,2024-01-02T16:30:00,66.84,24.46
M1,2024-01-02T16:40:00,73.94,22.34
M1,2024-01-02T16:50:00,73.23,22.93
M1,2024-01-02T17:00:00,68.45,24.75
M1,2024-01-02T17:10:00,59.96,24.22
M1,2024-01-02T17:20:00,65.19,24.93
M1,2024-01-02T17:30:00,71.68,26.27
M1,2024-01-02T17:40:00,82.89,24.27
M1,2024-01-02T17:50:00,64.38,25.49
M1,2024-01-02T18:00:00,65.25,24.77
M1,2024-01-02T18:10:00,70.55,25.44
M1,2024-01-02T18:20:00,75.23,23.99
M1,2024-01-02T18:30:00,69.97,24.69
M1,2024-01-02T18:40:00,79.99,26.76
M1,2024-01-02T18:50:00,64.39,26.05
M1,2024-01-02T19:00:00,73.58,23.25
M1,2024-01-02T19:10:00,60.6,26.75
M1,2024-01-02T19:20:00,58.23,24.46
M1,2024-01-02T19:30:00,64.28,25.4
M1,2024-01-02T19:40:00,71.86,24.97
M1,2024-01-02T19:50:00,65.18,24.94
M1,2024-01-02T20:00:00,77.78,25.67
M1,2024-01-02T20:10:00,67.85,24.82
M1,2024-01-02T20:20:00,60.56,25.1
M1,2024-01-02T20:30:00,67.98,24.02
M1,2024-01-02T20:40:00,77.03,25.72
M1,2024-01-02T20:50:00,68.28,25.98
M1,2024-01-02T21:00:00,61.98,25.51
M1,2024-01-02T21:10:00,57.8,23.72
M1,2024-01-02T21:20:00,65.26,25.2
M1,2024-01-02T21:30:00,63.94,23.59
M1,2024-01-02T21:40:00,73.71,24.12
M1,2024-01-02T21:50:00,62.25,27.63
M1,2024-01-02T22:00:00,67.48,25.18
M1,2024-01-02T22:10:00,64.12,25.12
M1,2024-01-02T22:20:00,58.55,25.99
M1,2024-01-02T22:30:00,66.83,26.77
M1,2024-01-02T22:40:00,59.21,24.6
M1,2024-01-02T22:50:00,70.16,25.97
M1,2024-01-02T23:00:00,58.19,26.14
M1,2024-01-02T23:10:00,66.63,25.62
M1,2024-01-02T23:20:00,72.32,25.12
M1,2024-01-02T23:30:00,69.8,26.08
M1,2024-01-02T23:40:00,64.73,25.63
M1,2024-01-02T23:50:00,69.15,25.21
M1,2024-01-03T00:00:00,71.09,25.13
M1,2024-01-03T00:10:00,81.76,26.05
M1,2024-01-03T00:20:00,72.65,24.92
M1,2024-01-03T00:30:00,71.69,24.48
M1,2024-01-03T00:40:00,80.78,25.5
M1,2024-01-03T00:50:00,68.11,24.52
M1,2024-01-03T01:00:00,65.69,25.13
M1,2024-01-03T01:10:00,74.23,25.2
M1,2024-01-03T01:20:00,71.34,25.28
M1,2024-01-03T01:30:00,67.41,26.07
M1,2024-01-03T01:40:00,73.12,24.32
M1,2024-01-03T01:50:00,78.49,24.64
M1,2024-01-03T02:00:00,58.59,23.24
M1,2024-01-03T02:10:00,64.9,24.72
M1,2024-01-03T02:20:00,61.97,23.95
M1,2024-01-03T02:30:00,66.83,25.23
M1,2024-01-03T02:40:00,61.65,25.68
M1,2024-01-03T02:50:00,71.92,24.79
M1,2024-01-03T03:00:00,78.55,24.34
M1,2024-01-03T03:10:00,67.83,25.49
M1,2024-01-03T03:20:00,59.15,25.07
M1,2024-01-03T03:30:00,63.88,24.44
M1,2024-01-03T03:40:00,64.52,24.83
M1,2024-01-03T03:50:00,74.1,24.43
M1,2024-01-03T04:00:00,68.72,24.62
M1,2024-01-03T04:10:00,68.01,23.48
M1,2024-01-03T04:20:00,62.8,25.16
M1,2024-01-03T04:30:00,63.94,24.61
M1,2024-01-03T04:40:00,69.72,26.08
M1,2024-01-03T04:50:00,66.12,24.2
M1,2024-01-03T05:00:00,71.42,24.05
M1,2024-01-03T05:10:00,64.41,25.22
M1,2024-01-03T05:20:00,49.6,24.13
M1,2024-01-03T05:30:00,64.55,26.04
M1,2024-01-03T05:40:00,58.8,25.46
M1,2024-01-03T05:50:00,69.95,26.11
M1,2024-01-03T06:00:00,69.03,25.72
M1,2024-01-03T06:10:00,72.33,26.17
M1,2024-01-03T06:20:00,63.75,25.48
M1,2024-01-03T06:30:00,66.16,25.15
M1,2024-01-03T06:40:00,63.55,25.49
M1,2024-01-03T06:50:00,67.14,26.28
M1,2024-01-03T07:00:00,87.45,23.51
M1,2024-01-03T07:10:00,60.2,25.75
M1,2024-01-03T07:20:00,74.48,25.21
M1,2024-01-03T07:30:00,68.25,26.58
M1,2024-01-03T07:40:00,73.04,23.56
M1,2024-01-03T07:50:00,64.77,25.19
M1,2024-01-03T08:00:00,65.19,25.17
M1,2024-01-03T08:10:00,72.98,23.48
M1,2024-01-03T08:20:00,86.1,24.47
M1,2024-01-03T08:30:00,89.7,24.93
M1,2024-01-03T08:40:00,58.5,24.59
M1,2024-01-03T08:50:00,59.76,22.8
M1,2024-01-03T09:00:00,70.24,25.99
M1,2024-01-03T09:10:00,68.22,24.44
M1,2024-01-03T09:20:00,65.89,23.85
M1,2024-01-03T09:30:00,76.23,23.93
M1,2024-01-03T09:40:00,71.49,24.79
M1,2024-01-03T09:50:00,60.74,26.44
M1,2024-01-03T10:00:00,69.53,24.97
M1,2024-01-03T10:10:00,68.71,25.46
M1,2024-01-03T10:20:00,69.3,25.61
M1,2024-01-03T10:30:00,67.98,25.71
M1,2024-01-03T10:40:00,61.85,24.95
M1,2024-01-03T10:50:00,63.62,26.8
M1,2024-01-03T11:00:00,63.3,24.99
M1,2024-01-03T11:10:00,71.2,24.35
M1,2024-01-03T11:20:00,65.62,24.97
M1,2024-01-03T11:30:00,83.64,22.58
M1,2024-01-03T11:40:00,72.12,23.91
M1,2024-01-03T11:50:00,62.17,24.95
M1,2024-01-03T12:00:00,79.01,24.98
M1,2024-01-03T12:10:00,65.9,25.03
M1,2024-01-03T12:20:00,62.62,25.04
M1,2024-01-03T12:30:00,61.99,24.72
M1,2024-01-03T12:40:00,71.94,25.62
M1,2024-01-03T12:50:00,74.0,25.92
M1,2024-01-03T13:00:00,90.44,25.36
M1,2024-01-03T13:10:00,71.48,25.64
M1,2024-01-03T13:20:00,67.57,25.95
M1,2024-01-03T13:30:00,77.38,24.31
M1,2024-01-03T13:40:00,65.15,25.2
M1,2024-01-03T13:50:00,83.05,24.52
M1,2024-01-03T14:00:00,61.84,24.47
M1,2024-01-03T14:10:00,66.88,27.14
M1,2024-01-03T14:20:00,62.33,25.75
M1,2024-01-03T14:30:00,67.19,25.12
M1,2024-01-03T14:40:00,64.49,25.21
M1,2024-01-03T14:50:00,84.23,23.33
M1,2024-01-03T15:00:00,71.66,25.87
M1,2024-01-03T15:10:00,60.87,23.54
M1,2024-01-03T15:20:00,59.19,27.0
M1,2024-01-03T15:30:00,72.39,24.96
M1,2024-01-03T15:40:00,58.84,24.43
M1,2024-01-03T15:50:00,74.38,26.38
M1,2024-01-03T16:00:00,69.01,24.31
M1,2024-01-03T16:10:00,64.25,24.33
M1,2024-01-03T16:20:00,68.62,24.71
M1,2024-01-03T16:30:00,69.72,24.63
M1,2024-01-03T16:40:00,55.83,25.24
M1,2024-01-03T16:50:00,65.19,23.88
M1,2024-01-03T17:00:00,71.04,23.75
M1,2024-01-03T17:10:00,64.66,25.35
M1,2024-01-03T17:20:00,59.22,24.73
M1,2024-01-03T17:30:00,85.23,23.72
M1,2024-01-03T17:40:00,65.7,26.23
M1,2024-01-03T17:50:00,74.5,25.85
M1,2024-01-03T18:00:00,71.24,26.22
M1,2024-01-03T18:10:00,68.91,25.43
M1,2024-01-03T18:20:00,65.48,25.38
M1,2024-01-03T18:30:00,66.64,24.96
M1,2024-01-03T18:40:00,66.35,23.97
M1,2024-01-03T18:50:00,67.39,23.0
M1,2024-01-03T19:00:00,85.42,25.45
M1,2024-01-03T19:10:00,71.99,22.1
M1,2024-01-03T19:20:00,62.64,25.4
M1,2024-01-03T19:30:00,88.32,23.96
M1,2024-01-03T19:40:00,68.38,24.35
M1,2024-01-03T19:50:00,66.05,25.22
M1,2024-01-03T20:00:00,66.85,27.0
M1,2024-01-03T20:10:00,68.01,26.05
M1,2024-01-03T20:20:00,85.59,25.45
M1,2024-01-03T20:30:00,70.19,23.86
M1,2024-01-03T20:40:00,63.14,25.3
M1,2024-01-03T20:50:00,66.68,25.33
M1,2024-01-03T21:00:00,68.7,26.44
M1,2024-01-03T21:10:00,65.78,25.96
M1,2024-01-03T21:20:00,72.23,25.57
M1,2024-01-03T21:30:00,65.51,26.38
M1,2024-01-03T21:40:00,67.6,23.97
M1,2024-01-03T21:50:00,81.71,23.56
M1,2024-01-03T22:00:00,62.57,26.55
M1,2024-01-03T22:10:00,63.81,23.68
M1,2024-01-03T22:20:00,67.85,24.3
M1,2024-01-03T22:30:00,63.56,27.25
M1,2024-01-03T22:40:00,67.3,26.13
M1,2024-01-03T22:50:00,60.05,23.35
M1,2024-01-03T23:00:00,78.64,25.73
M1,2024-01-03T23:10:00,69.97,25.85
M1,2024-01-03T23:20:00,65.74,25.39
M1,2024-01-03T23:30:00,63.23,24.72
M1,2024-01-03T23:40:00,62.65,24.02
M1,2024-01-03T23:50:00,67.9,26.39
M2,2024-01-01T00:00:00,74.57,25.77
M2,2024-01-01T00:10:00,62.09,24.78
M2,2024-01-01T00:20:00,62.15,25.55
M2,2024-01-01T00:30:00,63.99,25.32
M2,2024-01-01T00:40:00,73.99,24.92
M2,2024-01-01T00:50:00,67.63,24.57
M2,2024-01-01T01:00:00,73.03,25.38
M2,2024-01-01T01:10:00,63.49,24.34
M2,2024-01-01T01:20:00,72.75,24.7
M2,2024-01-01T01:30:00,60.78,24.31
M2,2024-01-01T01:40:00,71.01,24.44
M2,2024-01-01T01:50:00,63.63,25.28
M2,2024-01-01T02:00:00,78.11,23.76
M2,2024-01-01T02:10:00,70.17,25.41
M2,2024-01-01T02:20:00,73.12,26.62
M2,2024-01-01T02:30:00,64.21,23.63
M2,2024-01-01T02:40:00,68.57,25.0
M2,2024-01-01T02:50:00,62.98,26.64
M2,2024-01-01T03:00:00,71.88,26.1
M2,2024-01-01T03:10:00,69.84,26.63
M2,2024-01-01T03:20:00,61.5,24.29
M2,2024-01-01T03:30:00,67.17,24.23
M2,2024-01-01T03:40:00,83.13,25.7
M2,2024-01-01T03:50:00,68.65,25.83
M2,2024-01-01T04:00:00,61.14,23.77
M2,2024-01-01T04:10:00,75.36,25.42
M2,2024-01-01T04:20:00,67.48,24.32
M2,2024-01-01T04:30:00,69.69,24.08
M2,2024-01-01T04:40:00,62.43,25.08
M2,2024-01-01T04:50:00,63.32,26.24
M2,2024-01-01T05:00:00,64.33,23.59
M2,2024-01-01T05:10:00,73.07,25.14
M2,2024-01-01T05:20:00,63.25,25.23
M2,2024-01-01T05:30:00,67.67,24.85
M2,2024-01-01T05:40:00,61.65,24.11
M2,2024-01-01T05:50:00,57.82,25.51
M2,2024-01-01T06:00:00,77.78,23.87
M2,2024-01-01T06:10:00,66.97,25.84
M2,2024-01-01T06:20:00,65.08,25.46
M2,2024-01-01T06:30:00,67.41,24.9
M2,2024-01-01T06:40:00,69.84,25.6
M2,2024-01-01T06:50:00,66.13,24.24
M2,2024-01-01T07:00:00,61.82,26.31
M2,2024-01-01T07:10:00,72.43,25.47
M2,2024-01-01T07:20:00,79.32,24.7
M2,2024-01-01T07:30:00,67.05,23.69
M2,2024-01-01T07:40:00,65.14,24.01
M2,2024-01-01T07:50:00,85.17,25.53
M2,2024-01-01T08:00:00,57.99,24.35
M2,2024-01-01T08:10:00,62.3,24.86
M2,2024-01-01T08:20:00,69.7,23.72
M2,2024-01-01T08:30:00,65.93,26.49
M2,2024-01-01T08:40:00,83.31,24.59
M2,2024-01-01T08:50:00,63.93,24.7
M2,2024-01-01T09:00:00,67.08,24.27
M2,2024-01-01T09:10:00,69.18,26.19
M2,2024-01-01T09:20:00,69.5,27.29
M2,2024-01-01T09:30:00,60.17,24.78
M2,2024-01-01T09:40:00,73.04,24.68
M2,2024-01-01T09:50:00,64.12,22.41
M2,2024-01-01T10:00:00,87.59,24.2
M2,2024-01-01T10:10:00,59.61,25.18
M2,2024-01-01T10:20:00,82.02,24.97
M2,2024-01-01T10:30:00,72.98,24.84
M2,2024-01-01T10:40:00,61.03,24.96
M2,2024-01-01T10:50:00,66.14,26.71
M2,2024-01-01T11:00:00,62.63,22.72
M2,2024-01-01T11:10:00,63.65,26.04
M2,2024-01-01T11:20:00,59.0,24.59
M2,2024-01-01T11:30:00,77.79,24.39
M2,2024-01-01T11:40:00,68.38,25.8
M2,2024-01-01T11:50:00,67.16,24.25
M2,2024-01-01T12:00:00,67.44,26.72
M2,2024-01-01T12:10:00,65.17,25.18
M2,2024-01-01T12:20:00,82.59,26.3
M2,2024-01-01T12:30:00,73.0,24.34
M2,2024-01-01T12:40:00,64.74,24.56
M2,2024-01-01T12:50:00,72.93,25.72
M2,2024-01-01T13:00:00,70.04,26.31
M2,2024-01-01T13:10:00,65.39,24.75
M2,2024-01-01T13:20:00,70.21,26.22
M2,2024-01-01T13:30:00,63.78,25.93
M2,2024-01-01T13:40:00,74.28,26.8
M2,2024-01-01T13:50:00,69.69,26.07
M2,2024-01-01T14:00:00,69.78,24.79
M2,2024-01-01T14:10:00,61.78,23.03
M2,2024-01-01T14:20:00,69.9,25.15
M2,2024-01-01T14:30:00,65.89,24.72
M2,2024-01-01T14:40:00,60.3,25.91
M2,2024-01-01T14:50:00,66.16,25.28
M2,2024-01-01T15:00:00,73.07,24.86
M2,2024-01-01T15:10:00,70.31,26.17
M2,2024-01-01T15:20:00,68.63,25.03
M2,2024-01-01T15:30:00,69.0,24.35
M2,2024-01-01T15:40:00,67.15,23.51
M2,2024-01-01T15:50:00,68.54,26.7
M2,2024-01-01T16:00:00,57.5,25.08
M2,2024-01-01T16:10:00,70.77,25.38
M2,2024-01-01T16:20:00,63.89,25.48
M2,2024-01-01T16:30:00,65.95,24.15
M2,2024-01-01T16:40:00,68.3,23.6
M2,2024-01-01T16:50:00,61.02,25.44
M2,2024-01-01T17:00:00,68.39,26.45
M2,2024-01-01T17:10:00,82.65,25.65
M2,2024-01-01T17:20:00,59.75,23.89
M2,2024-01-01T17:30:00,70.61,24.63
M2,2024-01-01T17:40:00,62.91,22.91
M2,2024-01-01T17:50:00,68.12,25.93
M2,2024-01-01T18:00:00,75.41,24.25
M2,2024-01-01T18:10:00,80.42,26.26
M2,2024-01-01T18:20:00,67.91,24.16
M2,2024-01-01T18:30:00,64.18,25.18
M2,2024-01-01T18:40:00,76.31,26.89
M2,2024-01-01T18:50:00,72.12,25.59
M2,2024-01-01T19:00:00,66.96,26.31
M2,2024-01-01T19:10:00,84.49,24.55
M2,2024-01-01T19:20:00,71.74,25.68
M2,2024-01-01T19:30:00,61.29,24.81
M2,2024-01-01T19:40:00,62.78,24.86
M2,2024-01-01T19:50:00,74.57,25.63
M2,2024-01-01T20:00:00,67.95,25.58
M2,2024-01-01T20:10:00,73.11,25.58
M2,2024-01-01T20:20:00,72.74,24.7
M2,2024-01-01T20:30:00,76.42,26.54
M2,2024-01-01T20:40:00,59.95,23.83
M2,2024-01-01T20:50:00,85.42,23.23
M2,2024-01-01T21:00:00,72.16,24.81
M2,2024-01-01T21:10:00,69.57,24.47
M2,2024-01-01T21:20:00,61.44,24.95
M2,2024-01-01T21:30:00,66.86,26.77
M2,2024-01-01T21:40:00,71.5,25.78
M2,2024-01-01T21:50:00,62.01,25.3
M2,2024-01-01T22:00:00,68.77,25.12
M2,2024-01-01T22:10:00,84.7,24.8
M2,2024-01-01T22:20:00,68.78,24.78
M2,2024-01-01T22:30:00,71.57,24.2
M2,2024-01-01T22:40:00,64.37,24.99
M2,2024-01-01T22:50:00,77.73,25.88
M2,2024-01-01T23:00:00,68.24,25.09
M2,2024-01-01T23:10:00,59.19,24.47
M2,2024-01-01T23:20:00,61.45,25.57
M2,2024-01-01T23:30:00,69.33,24.96
M2,2024-01-01T23:40:00,62.96,24.68
M2,2024-01-01T23:50:00,63.33,24.19
M2,2024-01-02T00:00:00,72.09,27.66
M2,2024-01-02T00:10:00,69.14,25.69
M2,2024-01-02T00:20:00,86.14,26.81
M2,2024-01-02T00:30:00,61.64,22.08
M2,2024-01-02T00:40:00,64.76,27.01
M2,2024-01-02T00:50:00,70.1,27.06
M2,2024-01-02T01:00:00,89.19,25.06
M2,2024-01-02T01:10:00,63.77,24.2
M2,2024-01-02T01:20:00,72.81,24.23
M2,2024-01-02T01:30:00,68.62,24.75
M2,2024-01-02T01:40:00,65.2,25.51
M2,2024-01-02T01:50:00,71.42,24.92
M2,2024-01-02T02:00:00,62.13,24.99
M2,2024-01-02T02:10:00,64.87,26.15
M2,2024-01-02T02:20:00,57.85,25.2
M2,2024-01-02T02:30:00,76.37,26.08
M2,2024-01-02T02:40:00,70.83,24.81
M2,2024-01-02T02:50:00,69.42,24.15
M2,2024-01-02T03:00:00,71.17,24.57
M2,2024-01-02T03:10:00,65.33,24.6
M2,2024-01-02T03:20:00,68.49,25.76
M2,2024-01-02T03:30:00,77.31,23.93
M2,2024-01-02T03:40:00,67.96,25.24
M2,2024-01-02T03:50:00,66.6,25.45
M2,2024-01-02T04:00:00,72.74,26.43
M2,2024-01-02T04:10:00,66.06,25.99
M2,2024-01-02T04:20:00,67.16,24.73
M2,2024-01-02T04:30:00,69.9,25.33
M2,2024-01-02T04:40:00,82.58,25.6
M2,2024-01-02T04:50:00,67.84,26.32
M2,2024-01-02T05:00:00,65.48,23.04
M2,2024-01-02T05:10:00,56.39,24.39
M2,2024-01-02T05:20:00,64.51,25.99
M2,2024-01-02T05:30:00,71.2,25.55
M2,2024-01-02T05:40:00,64.17,24.59
M2,2024-01-02T05:50:00,75.08,24.68
M2,2024-01-02T06:00:00,59.41,26.24
M2,2024-01-02T06:10:00,69.02,24.98
M2,2024-01-02T06:20:00,68.86,24.21
M2,2024-01-02T06:30:00,64.68,25.2
M2,2024-01-02T06:40:00,64.99,25.52
M2,2024-01-02T06:50:00,71.36,23.65
M2,2024-01-02T07:00:00,57.32,25.13
M2,2024-01-02T07:10:00,69.57,25.18
M2,2024-01-02T07:20:00,70.62,25.67
M2,2024-01-02T07:30:00,69.05,24.76
M2,2024-01-02T07:40:00,62.17,25.15
M2,2024-01-02T07:50:00,72.54,24.88
M2,2024-01-02T08:00:00,68.26,24.94
M2,2024-01-02T08:10:00,64.32,24.91
M2,2024-01-02T08:20:00,65.89,25.42
M2,2024-01-02T08:30:00,69.57,24.74
M2,2024-01-02T08:40:00,71.44,24.47
M2,2024-01-02T08:50:00,68.84,26.84
M2,2024-01-02T09:00:00,57.57,24.7
M2,2024-01-02T09:10:00,61.73,23.93
M2,2024-01-02T09:20:00,69.14,25.9
M2,2024-01-02T09:30:00,66.48,24.83
M2,2024-01-02T09:40:00,67.42,24.53
M2,2024-01-02T09:50:00,67.35,26.16
M2,2024-01-02T10:00:00,86.04,26.16
M2,2024-01-02T10:10:00,71.88,25.5
M2,2024-01-02T10:20:00,70.27,27.69
M2,2024-01-02T10:30:00,63.73,23.17
M2,2024-01-02T10:40:00,71.43,25.23
M2,2024-01-02T10:50:00,75.06,26.31
M2,2024-01-02T11:00:00,61.93,25.78
M2,2024-01-02T11:10:00,65.77,24.16
M2,2024-01-02T11:20:00,69.12,25.14
M2,2024-01-02T11:30:00,67.22,26.7
M2,2024-01-02T11:40:00,66.47,24.82
M2,2024-01-02T11:50:00,63.94,24.96
M2,2024-01-02T12:00:00,65.9,22.93
M2,2024-01-02T12:10:00,59.48,25.76
M2,2024-01-02T12:20:00,65.98,25.01
M2,2024-01-02T12:30:00,84.07,24.25
M2,2024-01-02T12:40:00,69.4,27.73
M2,2024-01-02T12:50:00,66.2,25.67
M2,2024-01-02T13:00:00,62.57,25.27
M2,2024-01-02T13:10:00,72.38,25.02
M2,2024-01-02T13:20:00,65.0,24.35
M2,2024-01-02T13:30:00,57.98,23.42
M2,2024-01-02T13:40:00,70.86,26.53
M2,2024-01-02T13:50:00,64.58,25.15
M2,2024-01-02T14:00:00,67.72,24.39
M2,2024-01-02T14:10:00,65.66,24.11
M2,2024-01-02T14:20:00,62.56,24.69
M2,2024-01-02T14:30:00,66.34,25.08
M2,2024-01-02T14:40:00,69.56,24.83
M2,2024-01-02T14:50:00,61.55,26.41
M2,2024-01-02T15:00:00,68.03,25.76
M2,2024-01-02T15:10:00,63.94,25.36
M2,2024-01-02T15:20:00,67.29,24.26
M2,2024-01-02T15:30:00,66.83,24.79
M2,2024-01-02T15:40:00,80.39,24.51
M2,2024-01-02T15:50:00,85.48,23.97
M2,2024-01-02T16:00:00,71.28,26.29
M2,2024-01-02T16:10:00,63.77,26.78
M2,2024-01-02T16:20:00,62.28,23.91
M2,2024-01-02T16:30:00,73.96,24.75
M2,2024-01-02T16:40:00,57.9,24.31
M2,2024-01-02T16:50:00,73.52,23.34
M2,2024-01-02T17:00:00,62.07,26.48
M2,2024-01-02T17:10:00,61.47,24.79
M2,2024-01-02T17:20:00,62.18,24.57
M2,2024-01-02T17:30:00,88.93,26.4
M2,2024-01-02T17:40:00,66.25,24.29
M2,2024-01-02T17:50:00,71.82,26.62
M2,2024-01-02T18:00:00,76.46,24.54
M2,2024-01-02T18:10:00,64.63,24.99
M2,2024-01-02T18:20:00,66.49,25.41
M2,2024-01-02T18:30:00,84.73,24.63
M2,2024-01-02T18:40:00,57.98,24.65
M2,2024-01-02T18:50:00,70.48,24.67
M2,2024-01-02T19:00:00,59.3,23.51
M2,2024-01-02T19:10:00,61.03,25.14
M2,2024-01-02T19:20:00,74.86,25.25
M2,2024-01-02T19:30:00,57.99,24.46
M2,2024-01-02T19:40:00,60.69,24.13
M2,2024-01-02T19:50:00,57.1,25.75
M2,2024-01-02T20:00:00,66.14,23.89
M2,2024-01-02T20:10:00,54.35,24.71
M2,2024-01-02T20:20:00,68.46,25.9
M2,2024-01-02T20:30:00,60.85,25.5
M2,2024-01-02T20:40:00,66.85,24.43
M2,2024-01-02T20:50:00,68.27,25.47
M2,2024-01-02T21:00:00,65.19,25.28
M2,2024-01-02T21:10:00,70.11,24.63
M2,2024-01-02T21:20:00,66.38,23.83
M2,2024-01-02T21:30:00,72.63,24.95
M2,2024-01-02T21:40:00,59.76,24.16
M2,2024-01-02T21:50:00,64.02,26.37
M2,2024-01-02T22:00:00,80.58,24.73
M2,2024-01-02T22:10:00,66.73,25.29
M2,2024-01-02T22:20:00,69.07,26.49
M2,2024-01-02T22:30:00,66.01,24.85
M2,2024-01-02T22:40:00,72.83,24.8
M2,2024-01-02T22:50:00,69.97,22.06
M2,2024-01-02T23:00:00,76.79,24.76
M2,2024-01-02T23:10:00,63.14,25.41
M2,2024-01-02T23:20:00,72.73,24.47
M2,2024-01-02T23:30:00,71.77,25.51
M2,2024-01-02T23:40:00,69.58,25.72
M2,2024-01-02T23:50:00,71.0,25.75
M2,2024-01-03T00:00:00,69.92,25.45
M2,2024-01-03T00:10:00,66.87,24.12
M2,2024-01-03T00:20:00,80.08,23.37
M2,2024-01-03T00:30:00,82.62,24.69
M2,2024-01-03T00:40:00,67.15,25.61
M2,2024-01-03T00:50:00,67.01,24.18
M2,2024-01-03T01:00:00,66.1,25.08
M2,2024-01-03T01:10:00,80.18,24.24
M2,2024-01-03T01:20:00,71.36,24.37
M2,2024-01-03T01:30:00,71.15,24.81
M2,2024-01-03T01:40:00,59.3,24.87
M2,2024-01-03T01:50:00,67.3,25.28
M2,2024-01-03T02:00:00,62.73,25.34
M2,2024-01-03T02:10:00,51.9,25.18
M2,2024-01-03T02:20:00,63.76,25.19
M2,2024-01-03T02:30:00,71.04,24.03
M2,2024-01-03T02:40:00,68.18,26.37
M2,2024-01-03T02:50:00,68.96,24.49
M2,2024-01-03T03:00:00,57.83,24.97
M2,2024-01-03T03:10:00,64.38,25.15
M2,2024-01-03T03:20:00,63.87,25.02
M2,2024-01-03T03:30:00,65.36,25.16
M2,2024-01-03T03:40:00,62.71,26.13
M2,2024-01-03T03:50:00,60.27,24.18
M2,2024-01-03T04:00:00,72.14,24.34
M2,2024-01-03T04:10:00,71.25,24.86
M2,2024-01-03T04:20:00,66.67,26.98
M2,2024-01-03T04:30:00,74.11,25.93
M2,2024-01-03T04:40:00,86.57,24.18
M2,2024-01-03T04:50:00,67.44,25.2
M2,2024-01-03T05:00:00,68.02,24.72
M2,2024-01-03T05:10:00,66.3,24.55
M2,2024-01-03T05:20:00,52.84,25.02
M2,2024-01-03T05:30:00,64.25,23.78
M2,2024-01-03T05:40:00,73.18,24.68
M2,2024-01-03T05:50:00,70.11,23.86
M2,2024-01-03T06:00:00,65.63,25.37
M2,2024-01-03T06:10:00,59.23,25.82
M2,2024-01-03T06:20:00,73.37,25.81
M2,2024-01-03T06:30:00,61.05,26.64
M2,2024-01-03T06:40:00,67.96,24.85
M2,2024-01-03T06:50:00,64.28,24.84
M2,2024-01-03T07:00:00,58.28,25.12
M2,2024-01-03T07:10:00,65.86,24.01
M2,2024-01-03T07:20:00,70.89,22.59
M2,2024-01-03T07:30:00,66.9,24.74
M2,2024-01-03T07:40:00,77.09,25.22
M2,2024-01-03T07:50:00,70.58,25.72
M2,2024-01-03T08:00:00,65.81,25.19
M2,2024-01-03T08:10:00,67.51,26.55
M2,2024-01-03T08:20:00,71.94,23.65
M2,2024-01-03T08:30:00,67.87,25.24
M2,2024-01-03T08:40:00,55.63,24.06
M2,2024-01-03T08:50:00,66.48,23.36
M2,2024-01-03T09:00:00,63.52,24.96
M2,2024-01-03T09:10:00,67.1,25.23
M2,2024-01-03T09:20:00,65.97,24.35
M2,2024-01-03T09:30:00,65.12,24.68
M2,2024-01-03T09:40:00,68.97,26.41
M2,2024-01-03T09:50:00,69.49,26.14
M2,2024-01-03T10:00:00,61.15,25.85
M2,2024-01-03T10:10:00,65.83,25.47
M2,2024-01-03T10:20:00,68.65,25.62
M2,2024-01-03T10:30:00,82.49,27.09
M2,2024-01-03T10:40:00,67.19,25.58
M2,2024-01-03T10:50:00,77.12,25.01
M2,2024-01-03T11:00:00,87.52,24.38
M2,2024-01-03T11:10:00,55.94,26.53
M2,2024-01-03T11:20:00,84.4,23.77
M2,2024-01-03T11:30:00,64.85,25.59
M2,2024-01-03T11:40:00,67.24,25.33
M2,2024-01-03T11:50:00,77.12,23.64
M2,2024-01-03T12:00:00,85.49,25.04
M2,2024-01-03T12:10:00,69.13,25.02
M2,2024-01-03T12:20:00,66.58,23.76
M2,2024-01-03T12:30:00,70.6,23.71
M2,2024-01-03T12:40:00,68.16,23.8
M2,2024-01-03T12:50:00,65.43,25.0
M2,2024-01-03T13:00:00,86.86,24.79
M2,2024-01-03T13:10:00,60.75,25.6
M2,2024-01-03T13:20:00,69.35,25.71
M2,2024-01-03T13:30:00,64.82,24.93
M2,2024-01-03T13:40:00,63.02,25.34
M2,2024-01-03T13:50:00,70.72,24.82
M2,2024-01-03T14:00:00,60.28,23.4
M2,2024-01-03T14:10:00,57.67,26.01
M2,2024-01-03T14:20:00,69.03,23.42
M2,2024-01-03T14:30:00,60.94,25.73
M2,2024-01-03T14:40:00,59.37,25.03
M2,2024-01-03T14:50:00,83.78,25.69
M2,2024-01-03T15:00:00,59.3,26.98
M2,2024-01-03T15:10:00,75.09,25.1
M2,2024-01-03T15:20:00,70.9,24.71
M2,2024-01-03T15:30:00,66.05,25.92
M2,2024-01-03T15:40:00,65.2,21.53
M2,2024-01-03T15:50:00,60.74,25.36
M2,2024-01-03T16:00:00,65.17,25.44
M2,2024-01-03T16:10:00,77.19,25.2
M2,2024-01-03T16:20:00,64.61,25.96
M2,2024-01-03T16:30:00,70.4,26.19
M2,2024-01-03T16:40:00,67.55,26.05
M2,2024-01-03T16:50:00,64.48,24.92
M2,2024-01-03T17:00:00,70.45,22.44
M2,2024-01-03T17:10:00,81.74,23.91
M2,2024-01-03T17:20:00,73.09,25.82
M2,2024-01-03T17:30:00,58.37,24.32
M2,2024-01-03T17:40:00,71.32,25.58
M2,2024-01-03T17:50:00,70.92,24.75
M2,2024-01-03T18:00:00,74.3,23.28
M2,2024-01-03T18:10:00,67.43,24.19
M2,2024-01-03T18:20:00,69.4,24.43
M2,2024-01-03T18:30:00,70.25,23.5
M2,2024-01-03T18:40:00,71.85,25.8
M2,2024-01-03T18:50:00,76.98,28.11
M2,2024-01-03T19:00:00,72.41,26.0
M2,2024-01-03T19:10:00,68.15,25.5
M2,2024-01-03T19:20:00,64.89,25.68
M2,2024-01-03T19:30:00,64.21,23.9
M2,2024-01-03T19:40:00,72.29,25.94
M2,2024-01-03T19:50:00,66.97,25.67
M2,2024-01-03T20:00:00,69.27,24.47
M2,2024-01-03T20:10:00,65.53,24.93
M2,2024-01-03T20:20:00,66.7,25.45
M2,2024-01-03T20:30:00,71.45,25.58
M2,2024-01-03T20:40:00,76.1,25.04
M2,2024-01-03T20:50:00,69.46,24.47
M2,2024-01-03T21:00:00,62.02,24.72
M2,2024-01-03T21:10:00,64.61,24.14
M2,2024-01-03T21:20:00,68.88,25.81
M2,2024-01-03T21:30:00,70.42,23.63
M2,2024-01-03T21:40:00,67.35,24.36
M2,2024-01-03T21:50:00,61.85,23.65
M2,2024-01-03T22:00:00,73.09,24.13
M2,2024-01-03T22:10:00,64.32,23.29
M2,2024-01-03T22:20:00,64.84,24.84
M2,2024-01-03T22:30:00,67.8,25.5
M2,2024-01-03T22:40:00,61.07,25.52
M2,2024-01-03T22:50:00,64.93,25.26
M2,2024-01-03T23:00:00,64.46,23.33
M2,2024-01-03T23:10:00,67.16,24.24
M2,2024-01-03T23:20:00,74.57,24.39
M2,2024-01-03T23:30:00,57.77,24.07
M2,2024-01-03T23:40:00,62.86,24.34
M2,2024-01-03T23:50:00,62.39,24.0
M3,2024-01-01T00:00:00,67.44,25.4
M3,2024-01-01T00:10:00,83.36,24.73
M3,2024-01-01T00:20:00,74.49,26.25
M3,2024-01-01T00:30:00,71.06,23.85
M3,2024-01-01T00:40:00,59.13,25.93
M3,2024-01-01T00:50:00,72.09,25.27
M3,2024-01-01T01:00:00,65.93,25.28
M3,2024-01-01T01:10:00,72.24,26.17
M3,2024-01-01T01:20:00,67.22,24.74
M3,2024-01-01T01:30:00,69.86,24.94
M3,2024-01-01T01:40:00,65.07,25.42
M3,2024-01-01T01:50:00,66.88,24.83
M3,2024-01-01T02:00:00,68.58,25.19
M3,2024-01-01T02:10:00,64.82,23.39
M3,2024-01-01T02:20:00,67.08,24.91
M3,2024-01-01T02:30:00,60.54,25.69
M3,2024-01-01T02:40:00,68.8,25.57
M3,2024-01-01T02:50:00,82.65,24.31
M3,2024-01-01T03:00:00,75.53,24.7
M3,2024-01-01T03:10:00,64.1,25.24
M3,2024-01-01T03:20:00,69.04,25.45
M3,2024-01-01T03:30:00,67.38,25.74
M3,2024-01-01T03:40:00,74.09,25.68
M3,2024-01-01T03:50:00,63.18,25.04
M3,2024-01-01T04:00:00,67.77,25.77
M3,2024-01-01T04:10:00,63.07,23.62
M3,2024-01-01T04:20:00,72.53,25.64
M3,2024-01-01T04:30:00,60.31,25.69
M3,2024-01-01T04:40:00,58.92,22.96
M3,2024-01-01T04:50:00,64.25,25.86
M3,2024-01-01T05:00:00,63.55,25.0
M3,2024-01-01T05:10:00,64.53,26.44
M3,2024-01-01T05:20:00,63.5,24.51
M3,2024-01-01T05:30:00,70.95,25.34
M3,2024-01-01T05:40:00,63.53,25.33
M3,2024-01-01T05:50:00,61.57,24.17
M3,2024-01-01T06:00:00,56.28,25.53
M3,2024-01-01T06:10:00,69.41,25.55
M3,2024-01-01T06:20:00,61.27,23.64
M3,2024-01-01T06:30:00,65.85,24.15
M3,2024-01-01T06:40:00,60.0,25.01
M3,2024-01-01T06:50:00,71.61,25.48
M3,2024-01-01T07:00:00,65.05,26.59
M3,2024-01-01T07:10:00,69.37,24.07
M3,2024-01-01T07:20:00,61.81,25.74
M3,2024-01-01T07:30:00,71.88,25.92
M3,2024-01-01T07:40:00,65.59,25.42
M3,2024-01-01T07:50:00,65.91,24.69
M3,2024-01-01T08:00:00,59.91,25.6
M3,2024-01-01T08:10:00,80.87,24.44
M3,2024-01-01T08:20:00,67.56,25.45
M3,2024-01-01T08:30:00,59.07,23.12
M3,2024-01-01T08:40:00,72.43,26.06
M3,2024-01-01T08:50:00,53.82,25.0
M3,2024-01-01T09:00:00,69.74,27.22
M3,2024-01-01T09:10:00,62.37,25.26
M3,2024-01-01T09:20:00,69.17,24.19
M3,2024-01-01T09:30:00,71.29,24.77
M3,2024-01-01T09:40:00,53.58,25.26
M3,2024-01-01T09:50:00,92.86,23.89
M3,2024-01-01T10:00:00,61.52,25.84
M3,2024-01-01T10:10:00,85.84,26.76
M3,2024-01-01T10:20:00,68.81,25.34
M3,2024-01-01T10:30:00,72.48,24.37
M3,2024-01-01T10:40:00,68.67,24.7
M3,2024-01-01T10:50:00,63.0,24.94
M3,2024-01-01T11:00:00,65.62,25.94
M3,2024-01-01T11:10:00,63.97,25.21
M3,2024-01-01T11:20:00,65.53,26.35
M3,2024-01-01T11:30:00,57.62,25.62
M3,2024-01-01T11:40:00,60.73,23.53
M3,2024-01-01T11:50:00,83.19,22.79
M3,2024-01-01T12:00:00,73.45,25.97
M3,2024-01-01T12:10:00,86.95,23.86
M3,2024-01-01T12:20:00,68.34,26.51
M3,2024-01-01T12:30:00,86.37,26.46
M3,2024-01-01T12:40:00,70.76,25.62
M3,2024-01-01T12:50:00,69.05,24.14
M3,2024-01-01T13:00:00,63.4,25.53
M3,2024-01-01T13:10:00,68.48,25.46
M3,2024-01-01T13:20:00,69.71,26.44
M3,2024-01-01T13:30:00,67.95,25.94
M3,2024-01-01T13:40:00,66.54,23.78
M3,2024-01-01T13:50:00,62.76,24.35
M3,2024-01-01T14:00:00,63.21,24.31
M3,2024-01-01T14:10:00,67.08,25.9
M3,2024-01-01T14:20:00,68.11,24.52
M3,2024-01-01T14:30:00,69.55,26.03
M3,2024-01-01T14:40:00,71.63,23.9
M3,2024-01-01T14:50:00,67.86,25.55
M3,2024-01-01T15:00:00,62.91,24.39
M3,2024-01-01T15:10:00,69.32,23.63
M3,2024-01-01T15:20:00,72.22,25.54
M3,2024-01-01T15:30:00,63.52,25.58
M3,2024-01-01T15:40:00,62.25,26.43
M3,2024-01-01T15:50:00,68.75,23.44
M3,2024-01-01T16:00:00,81.29,26.16
M3,2024-01-01T16:10:00,65.35,25.73
M3,2024-01-01T16:20:00,64.65,25.64
M3,2024-01-01T16:30:00,70.78,25.61
M3,2024-01-01T16:40:00,66.51,24.5
M3,2024-01-01T16:50:00,66.8,24.87
M3,2024-01-01T17:00:00,57.94,25.64
M3,2024-01-01T17:10:00,70.11,26.33
M3,2024-01-01T17:20:00,72.36,27.02
M3,2024-01-01T17:30:00,68.25,26.05
M3,2024-01-01T17:40:00,75.84,24.51
M3,2024-01-01T17:50:00,69.5,23.6
M3,2024-01-01T18:00:00,65.97,25.56
M3,2024-01-01T18:10:00,70.13,25.89
M3,2024-01-01T18:20:00,66.67,24.35
M3,2024-01-01T18:30:00,61.71,26.48
M3,2024-01-01T18:40:00,67.01,23.72
M3,2024-01-01T18:50:00,72.06,26.34
M3,2024-01-01T19:00:00,69.02,23.98
M3,2024-01-01T19:10:00,69.81,24.12
M3,2024-01-01T19:20:00,71.76,25.47
M3,2024-01-01T19:30:00,74.77,25.85
M3,2024-01-01T19:40:00,62.1,28.06
M3,2024-01-01T19:50:00,68.21,23.85
M3,2024-01-01T20:00:00,67.76,25.77
M3,2024-01-01T20:10:00,64.67,24.85
M3,2024-01-01T20:20:00,82.58,24.85
M3,2024-01-01T20:30:00,61.35,25.62
M3,2024-01-01T20:40:00,66.17,25.21
M3,2024-01-01T20:50:00,71.48,24.37
M3,2024-01-01T21:00:00,68.44,25.07
M3,2024-01-01T21:10:00,64.42,24.8
M3,2024-01-01T21:20:00,68.72,25.31
M3,2024-01-01T21:30:00,65.97,24.25
M3,2024-01-01T21:40:00,83.02,24.3
M3,2024-01-01T21:50:00,64.54,24.72
M3,2024-01-01T22:00:00,58.49,24.54
M3,2024-01-01T22:10:00,60.98,23.96
M3,2024-01-01T22:20:00,65.09,24.42
M3,2024-01-01T22:30:00,64.72,25.18
M3,2024-01-01T22:40:00,65.1,25.33
M3,2024-01-01T22:50:00,66.84,24.15
M3,2024-01-01T23:00:00,73.76,25.28
M3,2024-01-01T23:10:00,67.92,27.69
M3,2024-01-01T23:20:00,59.87,25.78
M3,2024-01-01T23:30:00,66.6,24.17
M3,2024-01-01T23:40:00,61.07,22.68
M3,2024-01-01T23:50:00,76.16,25.81
M3,2024-01-02T00:00:00,64.93,25.81
M3,2024-01-02T00:10:00,65.61,25.85
M3,2024-01-02T00:20:00,75.51,24.93
M3,2024-01-02T00:30:00,73.23,24.94
M3,2024-01-02T00:40:00,65.63,26.05
M3,2024-01-02T00:50:00,74.81,24.73
M3,2024-01-02T01:00:00,68.31,23.74
M3,2024-01-02T01:10:00,78.09,24.84
M3,2024-01-02T01:20:00,56.52,25.86
M3,2024-01-02T01:30:00,68.08,23.9
M3,2024-01-02T01:40:00,62.46,24.28
M3,2024-01-02T01:50:00,64.26,25.83
M3,2024-01-02T02:00:00,67.34,25.45
M3,2024-01-02T02:10:00,73.09,24.49
M3,2024-01-02T02:20:00,67.58,24.16
M3,2024-01-02T02:30:00,64.34,25.48
M3,2024-01-02T02:40:00,63.59,24.32
M3,2024-01-02T02:50:00,62.81,24.11
M3,2024-01-02T03:00:00,85.89,25.38
M3,2024-01-02T03:10:00,63.81,25.46
M3,2024-01-02T03:20:00,63.43,24.74
M3,2024-01-02T03:30:00,62.32,24.33
M3,2024-01-02T03:40:00,66.65,25.89
M3,2024-01-02T03:50:00,63.97,25.46
M3,2024-01-02T04:00:00,76.7,23.6
M3,2024-01-02T04:10:00,64.37,26.39
M3,2024-01-02T04:20:00,64.0,23.89
M3,2024-01-02T04:30:00,70.84,25.22
M3,2024-01-02T04:40:00,63.75,25.0
M3,2024-01-02T04:50:00,78.75,26.72
M3,2024-01-02T05:00:00,59.23,24.7
M3,2024-01-02T05:10:00,83.29,25.33
M3,2024-01-02T05:20:00,62.93,24.45
M3,2024-01-02T05:30:00,64.75,26.26
M3,2024-01-02T05:40:00,68.63,24.55
M3,2024-01-02T05:50:00,70.43,26.85
M3,2024-01-02T06:00:00,63.8,24.83
M3,2024-01-02T06:10:00,85.29,26.3
M3,2024-01-02T06:20:00,63.49,23.8
M3,2024-01-02T06:30:00,85.28,25.25
M3,2024-01-02T06:40:00,70.48,23.54
M3,2024-01-02T06:50:00,71.35,24.54
M3,2024-01-02T07:00:00,68.66,25.53
M3,2024-01-02T07:10:00,71.38,26.47
M3,2024-01-02T07:20:00,61.56,23.72
M3,2024-01-02T07:30:00,80.08,24.61
M3,2024-01-02T07:40:00,64.66,23.85
M3,2024-01-02T07:50:00,68.62,23.85
M3,2024-01-02T08:00:00,66.72,25.48
M3,2024-01-02T08:10:00,66.07,23.37
M3,2024-01-02T08:20:00,71.12,25.82
M3,2024-01-02T08:30:00,62.26,26.75
M3,2024-01-02T08:40:00,65.65,25.59
M3,2024-01-02T08:50:00,62.88,24.39
M3,2024-01-02T09:00:00,62.82,23.12
M3,2024-01-02T09:10:00,68.76,24.43
M3,2024-01-02T09:20:00,66.69,23.15
M3,2024-01-02T09:30:00,60.16,26.99
M3,2024-01-02T09:40:00,67.61,23.99
M3,2024-01-02T09:50:00,73.32,24.15
M3,2024-01-02T10:00:00,76.55,25.81
M3,2024-01-02T10:10:00,58.73,24.04
M3,2024-01-02T10:20:00,86.4,25.51
M3,2024-01-02T10:30:00,61.35,27.41
M3,2024-01-02T10:40:00,67.74,24.32
M3,2024-01-02T10:50:00,67.36,24.79
M3,2024-01-02T11:00:00,58.28,25.58
M3,2024-01-02T11:10:00,57.46,24.14
M3,2024-01-02T11:20:00,85.39,24.7
M3,2024-01-02T11:30:00,69.78,23.66
M3,2024-01-02T11:40:00,57.67,26.03
M3,2024-01-02T11:50:00,66.53,26.33
M3,2024-01-02T12:00:00,72.77,24.48
M3,2024-01-02T12:10:00,59.4,22.17
M3,2024-01-02T12:20:00,64.22,23.7
M3,2024-01-02T12:30:00,64.94,26.15
M3,2024-01-02T12:40:00,69.05,24.81
M3,2024-01-02T12:50:00,67.95,25.45
M3,2024-01-02T13:00:00,66.87,24.49
M3,2024-01-02T13:10:00,69.27,24.02
M3,2024-01-02T13:20:00,75.62,25.5
M3,2024-01-02T13:30:00,82.11,24.79
M3,2024-01-02T13:40:00,67.9,25.49
M3,2024-01-02T13:50:00,87.14,22.95
M3,2024-01-02T14:00:00,69.02,25.43
M3,2024-01-02T14:10:00,60.14,24.29
M3,2024-01-02T14:20:00,61.65,23.21
M3,2024-01-02T14:30:00,64.22,25.2
M3,2024-01-02T14:40:00,65.11,24.65
M3,2024-01-02T14:50:00,66.53,24.47
M3,2024-01-02T15:00:00,67.77,26.02
M3,2024-01-02T15:10:00,75.77,25.02
M3,2024-01-02T15:20:00,68.77,24.74
M3,2024-01-02T15:30:00,68.13,25.69
M3,2024-01-02T15:40:00,74.32,24.44
M3,2024-01-02T15:50:00,63.33,26.82
M3,2024-01-02T16:00:00,65.51,25.27
M3,2024-01-02T16:10:00,73.0,25.14
M3,2024-01-02T16:20:00,70.66,24.79
M3,2024-01-02T16:30:00,66.72,26.22
M3,2024-01-02T16:40:00,70.36,23.24
M3,2024-01-02T16:50:00,66.53,25.42
M3,2024-01-02T17:00:00,73.54,23.82
M3,2024-01-02T17:10:00,66.35,25.58
M3,2024-01-02T17:20:00,67.37,24.66
M3,2024-01-02T17:30:00,63.35,25.36
M3,2024-01-02T17:40:00,69.22,23.85
M3,2024-01-02T17:50:00,69.25,23.13
M3,2024-01-02T18:00:00,65.36,24.66
M3,2024-01-02T18:10:00,68.94,25.25
M3,2024-01-02T18:20:00,62.8,24.78
M3,2024-01-02T18:30:00,88.15,26.66
M3,2024-01-02T18:40:00,65.13,24.49
M3,2024-01-02T18:50:00,66.3,25.74
M3,2024-01-02T19:00:00,85.25,24.48
M3,2024-01-02T19:10:00,67.36,24.59
M3,2024-01-02T19:20:00,82.97,26.0
M3,2024-01-02T19:30:00,79.81,26.49
M3,2024-01-02T19:40:00,58.33,25.34
M3,2024-01-02T19:50:00,69.37,24.73
M3,2024-01-02T20:00:00,63.85,25.07
M3,2024-01-02T20:10:00,69.16,25.47
M3,2024-01-02T20:20:00,70.18,24.45
M3,2024-01-02T20:30:00,66.45,24.1
M3,2024-01-02T20:40:00,70.39,24.22
M3,2024-01-02T20:50:00,76.28,24.63
M3,2024-01-02T21:00:00,70.37,22.63
M3,2024-01-02T21:10:00,73.64,25.31
M3,2024-01-02T21:20:00,66.14,24.83
M3,2024-01-02T21:30:00,61.23,23.25
M3,2024-01-02T21:40:00,74.84,24.14
M3,2024-01-02T21:50:00,60.41,25.78
M3,2024-01-02T22:00:00,65.44,25.61
M3,2024-01-02T22:10:00,59.67,24.5
M3,2024-01-02T22:20:00,69.58,25.97
M3,2024-01-02T22:30:00,61.48,24.67
M3,2024-01-02T22:40:00,74.01,23.86
M3,2024-01-02T22:50:00,71.46,26.83
M3,2024-01-02T23:00:00,65.6,23.17
M3,2024-01-02T23:10:00,59.32,23.12
M3,2024-01-02T23:20:00,72.72,25.21
M3,2024-01-02T23:30:00,67.93,25.43
M3,2024-01-02T23:40:00,74.35,25.3
M3,2024-01-02T23:50:00,82.14,24.32
M3,2024-01-03T00:00:00,69.93,24.6
M3,2024-01-03T00:10:00,71.5,25.45
M3,2024-01-03T00:20:00,71.51,26.69
M3,2024-01-03T00:30:00,70.68,26.78
M3,2024-01-03T00:40:00,71.59,24.23
M3,2024-01-03T00:50:00,61.75,25.76
M3,2024-01-03T01:00:00,62.96,25.71
M3,2024-01-03T01:10:00,85.85,24.01
M3,2024-01-03T01:20:00,65.57,22.89
M3,2024-01-03T01:30:00,64.91,22.97
M3,2024-01-03T01:40:00,84.44,24.68
M3,2024-01-03T01:50:00,81.79,26.91
M3,2024-01-03T02:00:00,64.27,24.13
M3,2024-01-03T02:10:00,67.92,25.94
M3,2024-01-03T02:20:00,63.13,25.0
M3,2024-01-03T02:30:00,58.66,26.06
M3,2024-01-03T02:40:00,61.66,24.72
M3,2024-01-03T02:50:00,68.14,23.14
M3,2024-01-03T03:00:00,67.56,25.15
M3,2024-01-03T03:10:00,68.84,25.15
M3,2024-01-03T03:20:00,70.26,23.86
M3,2024-01-03T03:30:00,65.81,25.05
M3,2024-01-03T03:40:00,72.83,23.75
M3,2024-01-03T03:50:00,62.61,24.62
M3,2024-01-03T04:00:00,63.2,25.29
M3,2024-01-03T04:10:00,71.41,25.72
M3,2024-01-03T04:20:00,60.51,24.24
M3,2024-01-03T04:30:00,88.51,25.13
M3,2024-01-03T04:40:00,70.04,27.77
M3,2024-01-03T04:50:00,56.24,25.88
M3,2024-01-03T05:00:00,60.06,24.4
M3,2024-01-03T05:10:00,63.86,24.71
M3,2024-01-03T05:20:00,66.84,25.27
M3,2024-01-03T05:30:00,73.38,25.34
M3,2024-01-03T05:40:00,62.91,23.37
M3,2024-01-03T05:50:00,61.23,26.14
M3,2024-01-03T06:00:00,62.42,25.33
M3,2024-01-03T06:10:00,72.5,26.06
M3,2024-01-03T06:20:00,67.0,26.08
M3,2024-01-03T06:30:00,61.09,25.45
M3,2024-01-03T06:40:00,83.62,23.26
M3,2024-01-03T06:50:00,65.19,25.42
M3,2024-01-03T07:00:00,79.77,24.36
M3,2024-01-03T07:10:00,67.98,24.1
M3,2024-01-03T07:20:00,70.29,23.73
M3,2024-01-03T07:30:00,66.99,24.41
M3,2024-01-03T07:40:00,62.81,23.92
M3,2024-01-03T07:50:00,74.95,25.57
M3,2024-01-03T08:00:00,64.4,27.16
M3,2024-01-03T08:10:00,69.51,26.8
M3,2024-01-03T08:20:00,65.13,24.84
M3,2024-01-03T08:30:00,61.87,26.23
M3,2024-01-03T08:40:00,74.13,24.42
M3,2024-01-03T08:50:00,70.39,24.86
M3,2024-01-03T09:00:00,68.09,24.02
M3,2024-01-03T09:10:00,64.03,24.83
M3,2024-01-03T09:20:00,60.75,25.02
M3,2024-01-03T09:30:00,61.23,23.31
M3,2024-01-03T09:40:00,65.93,25.96
M3,2024-01-03T09:50:00,63.45,26.95
M3,2024-01-03T10:00:00,67.86,25.51
M3,2024-01-03T10:10:00,66.61,23.8
M3,2024-01-03T10:20:00,58.02,26.49
M3,2024-01-03T10:30:00,65.6,24.04
M3,2024-01-03T10:40:00,62.8,25.68
M3,2024-01-03T10:50:00,91.5,26.19
M3,2024-01-03T11:00:00,57.77,25.92
M3,2024-01-03T11:10:00,62.92,25.08
M3,2024-01-03T11:20:00,65.98,25.8
M3,2024-01-03T11:30:00,66.63,24.92
M3,2024-01-03T11:40:00,63.22,25.17
M3,2024-01-03T11:50:00,69.53,26.49
M3,2024-01-03T12:00:00,66.77,24.17
M3,2024-01-03T12:10:00,69.46,25.57
M3,2024-01-03T12:20:00,69.8,24.19
M3,2024-01-03T12:30:00,86.31,22.47
M3,2024-01-03T12:40:00,67.93,25.47
M3,2024-01-03T12:50:00,63.63,24.6
M3,2024-01-03T13:00:00,60.68,26.53
M3,2024-01-03T13:10:00,87.52,25.21
M3,2024-01-03T13:20:00,65.53,23.55
M3,2024-01-03T13:30:00,86.28,25.42
M3,2024-01-03T13:40:00,72.71,24.44
M3,2024-01-03T13:50:00,69.22,26.1
M3,2024-01-03T14:00:00,59.39,26.75
M3,2024-01-03T14:10:00,78.36,25.89
M3,2024-01-03T14:20:00,72.51,26.94
M3,2024-01-03T14:30:00,67.73,24.39
M3,2024-01-03T14:40:00,59.28,25.13
M3,2024-01-03T14:50:00,66.44,24.2
M3,2024-01-03T15:00:00,64.41,24.45
M3,2024-01-03T15:10:00,66.36,24.44
M3,2024-01-03T15:20:00,55.12,24.66
M3,2024-01-03T15:30:00,67.09,23.83
M3,2024-01-03T15:40:00,85.38,24.27
M3,2024-01-03T15:50:00,67.78,26.02
M3,2024-01-03T16:00:00,77.52,25.6
M3,2024-01-03T16:10:00,83.64,24.78
M3,2024-01-03T16:20:00,58.81,25.12
M3,2024-01-03T16:30:00,71.89,22.89
M3,2024-01-03T16:40:00,81.66,26.77
M3,2024-01-03T16:50:00,65.19,24.94
M3,2024-01-03T17:00:00,67.55,25.51
M3,2024-01-03T17:10:00,62.38,23.4
M3,2024-01-03T17:20:00,70.1,26.04
M3,2024-01-03T17:30:00,71.08,24.95
M3,2024-01-03T17:40:00,82.31,23.69
M3,2024-01-03T17:50:00,67.23,25.05
M3,2024-01-03T18:00:00,59.36,23.3
M3,2024-01-03T18:10:00,69.5,24.47
M3,2024-01-03T18:20:00,64.23,26.6
M3,2024-01-03T18:30:00,69.17,25.48
M3,2024-01-03T18:40:00,67.8,24.63
M3,2024-01-03T18:50:00,73.4,22.78
M3,2024-01-03T19:00:00,67.79,25.01
M3,2024-01-03T19:10:00,62.17,26.63
M3,2024-01-03T19:20:00,73.84,23.83
M3,2024-01-03T19:30:00,57.84,23.95
M3,2024-01-03T19:40:00,61.1,25.26
M3,2024-01-03T19:50:00,77.48,26.59
M3,2024-01-03T20:00:00,73.02,24.38
M3,2024-01-03T20:10:00,71.4,23.92
M3,2024-01-03T20:20:00,70.28,25.83
M3,2024-01-03T20:30:00,61.44,24.96
M3,2024-01-03T20:40:00,76.05,23.53
M3,2024-01-03T20:50:00,57.8,24.97
M3,2024-01-03T21:00:00,67.32,24.64
M3,2024-01-03T21:10:00,66.43,23.7
M3,2024-01-03T21:20:00,71.26,27.12
M3,2024-01-03T21:30:00,71.79,25.05
M3,2024-01-03T21:40:00,71.68,25.18
M3,2024-01-03T21:50:00,65.51,26.31
M3,2024-01-03T22:00:00,67.72,25.83
M3,2024-01-03T22:10:00,62.84,24.36
M3,2024-01-03T22:20:00,69.61,23.17
M3,2024-01-03T22:30:00,76.6,23.78
M3,2024-01-03T22:40:00,59.55,25.09
M3,2024-01-03T22:50:00,73.2,24.6
M3,2024-01-03T23:00:00,89.01,26.18
M3,2024-01-03T23:10:00,78.52,23.52
M3,2024-01-03T23:20:00,69.4,25.2
M3,2024-01-03T23:30:00,62.13,26.01
M3,2024-01-03T23:40:00,65.62,25.45
M3,2024-01-03T23:50:00,77.25,25.0
M4,2024-01-01T00:00:00,70.96,25.79
M4,2024-01-01T00:10:00,60.25,24.58
M4,2024-01-01T00:20:00,69.8,25.19
M4,2024-01-01T00:30:00,70.46,25.73
M4,2024-01-01T00:40:00,66.52,25.42
M4,2024-01-01T00:50:00,72.97,25.89
M4,2024-01-01T01:00:00,67.11,23.54
M4,2024-01-01T01:10:00,76.49,24.05
M4,2024-01-01T01:20:00,64.49,23.58
M4,2024-01-01T01:30:00,69.98,24.37
M4,2024-01-01T01:40:00,73.71,24.31
M4,2024-01-01T01:50:00,65.3,25.37
M4,2024-01-01T02:00:00,59.46,23.84
M4,2024-01-01T02:10:00,82.03,24.96
M4,2024-01-01T02:20:00,71.95,24.41
M4,2024-01-01T02:30:00,70.91,24.57
M4,2024-01-01T02:40:00,64.18,25.42
M4,2024-01-01T02:50:00,67.75,25.36
M4,2024-01-01T03:00:00,78.1,25.01
M4,2024-01-01T03:10:00,65.2,24.27
M4,2024-01-01T03:20:00,66.36,25.34
M4,2024-01-01T03:30:00,70.66,25.59
M4,2024-01-01T03:40:00,71.08,24.57
M4,2024-01-01T03:50:00,72.15,25.87
M4,2024-01-01T04:00:00,69.77,24.63
M4,2024-01-01T04:10:00,67.37,24.85
M4,2024-01-01T04:20:00,65.25,26.05
M4,2024-01-01T04:30:00,67.89,26.23
M4,2024-01-01T04:40:00,67.46,26.81
M4,2024-01-01T04:50:00,73.38,24.85
M4,2024-01-01T05:00:00,64.03,25.31
M4,2024-01-01T05:10:00,73.09,26.06
M4,2024-01-01T05:20:00,68.81,25.61
M4,2024-01-01T05:30:00,71.67,24.78
M4,2024-01-01T05:40:00,85.22,25.19
M4,2024-01-01T05:50:00,62.42,24.16
M4,2024-01-01T06:00:00,71.98,24.27
M4,2024-01-01T06:10:00,69.12,25.04
M4,2024-01-01T06:20:00,60.16,23.75
M4,2024-01-01T06:30:00,72.06,24.84
M4,2024-01-01T06:40:00,61.31,25.02
M4,2024-01-01T06:50:00,66.09,24.89
M4,2024-01-01T07:00:00,59.23,26.75
M4,2024-01-01T07:10:00,63.89,25.58
M4,2024-01-01T07:20:00,62.02,26.83
M4,2024-01-01T07:30:00,71.29,24.17
M4,2024-01-01T07:40:00,71.48,23.33
M4,2024-01-01T07:50:00,70.97,24.88
M4,2024-01-01T08:00:00,59.95,24.59
M4,2024-01-01T08:10:00,82.86,25.52
M4,2024-01-01T08:20:00,67.75,24.71
M4,2024-01-01T08:30:00,62.02,24.82
M4,2024-01-01T08:40:00,60.83,23.51
M4,2024-01-01T08:50:00,64.07,25.33
M4,2024-01-01T09:00:00,84.68,24.55
M4,2024-01-01T09:10:00,63.54,23.03
M4,2024-01-01T09:20:00,72.69,25.03
M4,2024-01-01T09:30:00,68.39,24.98
M4,2024-01-01T09:40:00,68.24,23.37
M4,2024-01-01T09:50:00,62.12,26.3
M4,2024-01-01T10:00:00,80.74,24.48
M4,2024-01-01T10:10:00,72.01,24.5
M4,2024-01-01T10:20:00,81.81,24.21
M4,2024-01-01T10:30:00,58.14,25.47
M4,2024-01-01T10:40:00,71.6,24.7
M4,2024-01-01T10:50:00,56.62,24.91
M4,2024-01-01T11:00:00,61.72,23.94
M4,2024-01-01T11:10:00,69.32,24.45
M4,2024-01-01T11:20:00,62.54,25.32
M4,2024-01-01T11:30:00,85.54,26.3
M4,2024-01-01T11:40:00,84.39,25.22
M4,2024-01-01T11:50:00,67.04,24.67
M4,2024-01-01T12:00:00,63.8,24.11
M4,2024-01-01T12:10:00,60.06,23.4
M4,2024-01-01T12:20:00,69.44,24.13
M4,2024-01-01T12:30:00,67.17,23.03
M4,2024-01-01T12:40:00,70.95,26.3
M4,2024-01-01T12:50:00,62.72,25.1
M4,2024-01-01T13:00:00,64.48,24.91
M4,2024-01-01T13:10:00,65.09,24.88
M4,2024-01-01T13:20:00,69.79,24.87
M4,2024-01-01T13:30:00,65.0,25.27
M4,2024-01-01T13:40:00,73.57,24.43
M4,2024-01-01T13:50:00,61.12,25.49
M4,2024-01-01T14:00:00,68.39,25.86
M4,2024-01-01T14:10:00,65.99,24.47
M4,2024-01-01T14:20:00,59.99,26.32
M4,2024-01-01T14:30:00,73.19,25.38
M4,2024-01-01T14:40:00,65.61,24.66
M4,2024-01-01T14:50:00,71.89,23.63
M4,2024-01-01T15:00:00,62.07,26.4
M4,2024-01-01T15:10:00,66.25,23.57
M4,2024-01-01T15:20:00,65.36,25.8
M4,2024-01-01T15:30:00,65.17,24.85
M4,2024-01-01T15:40:00,63.98,23.62
M4,2024-01-01T15:50:00,64.74,24.21
M4,2024-01-01T16:00:00,61.69,24.95
M4,2024-01-01T16:10:00,68.6,26.65
M4,2024-01-01T16:20:00,74.73,27.41
M4,2024-01-01T16:30:00,61.51,23.52
M4,2024-01-01T16:40:00,68.91,24.86
M4,2024-01-01T16:50:00,71.75,25.24
M4,2024-01-01T17:00:00,84.28,23.33
M4,2024-01-01T17:10:00,68.51,25.18
M4,2024-01-01T17:20:00,68.49,24.9
M4,2024-01-01T17:30:00,56.02,24.84
M4,2024-01-01T17:40:00,74.57,25.4
M4,2024-01-01T17:50:00,63.0,23.09
M4,2024-01-01T18:00:00,72.97,24.44
M4,2024-01-01T18:10:00,73.97,25.71
M4,2024-01-01T18:20:00,65.34,26.09
M4,2024-01-01T18:30:00,90.01,24.06
M4,2024-01-01T18:40:00,63.29,26.29
M4,2024-01-01T18:50:00,69.93,24.26
M4,2024-01-01T19:00:00,63.73,24.07
M4,2024-01-01T19:10:00,59.5,24.91
M4,2024-01-01T19:20:00,62.58,22.41
M4,2024-01-01T19:30:00,76.28,25.22
M4,2024-01-01T19:40:00,61.82,24.85
M4,2024-01-01T19:50:00,71.8,25.46
M4,2024-01-01T20:00:00,69.37,24.28
M4,2024-01-01T20:10:00,71.44,25.76
M4,2024-01-01T20:20:00,57.7,25.86
M4,2024-01-01T20:30:00,65.25,24.23
M4,2024-01-01T20:40:00,58.77,26.51
M4,2024-01-01T20:50:00,64.94,25.91
M4,2024-01-01T21:00:00,67.48,24.86
M4,2024-01-01T21:10:00,65.6,23.72
M4,2024-01-01T21:20:00,68.57,26.84
M4,2024-01-01T21:30:00,64.1,24.39
M4,2024-01-01T21:40:00,86.89,23.12
M4,2024-01-01T21:50:00,63.34,26.89
M4,2024-01-01T22:00:00,68.67,25.17
M4,2024-01-01T22:10:00,63.96,25.36
M4,2024-01-01T22:20:00,79.42,26.25
M4,2024-01-01T22:30:00,65.01,23.9
M4,2024-01-01T22:40:00,67.38,25.12
M4,2024-01-01T22:50:00,69.84,23.95
M4,2024-01-01T23:00:00,65.75,27.5
M4,2024-01-01T23:10:00,68.21,22.92
M4,2024-01-01T23:20:00,64.39,25.51
M4,2024-01-01T23:30:00,76.62,24.23
M4,2024-01-01T23:40:00,69.22,23.3
M4,2024-01-01T23:50:00,56.67,25.03
M4,2024-01-02T00:00:00,66.85,24.45
M4,2024-01-02T00:10:00,75.22,25.36
M4,2024-01-02T00:20:00,78.95,25.38
M4,2024-01-02T00:30:00,53.48,24.37
M4,2024-01-02T00:40:00,82.85,24.39
M4,2024-01-02T00:50:00,62.08,25.2
M4,2024-01-02T01:00:00,88.53,24.79
M4,2024-01-02T01:10:00,64.41,24.91
M4,2024-01-02T01:20:00,75.42,26.84
M4,2024-01-02T01:30:00,63.61,24.68
M4,2024-01-02T01:40:00,68.09,24.67
M4,2024-01-02T01:50:00,74.99,25.8
M4,2024-01-02T02:00:00,63.36,27.15
M4,2024-01-02T02:10:00,62.95,25.96
M4,2024-01-02T02:20:00,71.37,24.97
M4,2024-01-02T02:30:00,58.92,25.3
M4,2024-01-02T02:40:00,67.96,26.14
M4,2024-01-02T02:50:00,66.48,25.39
M4,2024-01-02T03:00:00,68.18,24.46
M4,2024-01-02T03:10:00,61.9,25.21
M4,2024-01-02T03:20:00,64.49,26.43
M4,2024-01-02T03:30:00,70.75,25.28
M4,2024-01-02T03:40:00,65.02,24.23
M4,2024-01-02T03:50:00,67.95,25.3
M4,2024-01-02T04:00:00,62.43,24.42
M4,2024-01-02T04:10:00,59.31,24.86
M4,2024-01-02T04:20:00,66.54,24.75
M4,2024-01-02T04:30:00,65.06,24.69
M4,2024-01-02T04:40:00,64.96,26.47
M4,2024-01-02T04:50:00,73.56,24.78
M4,2024-01-02T05:00:00,67.4,24.14
M4,2024-01-02T05:10:00,72.7,24.61
M4,2024-01-02T05:20:00,67.84,25.42
M4,2024-01-02T05:30:00,66.43,25.22
M4,2024-01-02T05:40:00,72.09,25.77
M4,2024-01-02T05:50:00,69.98,24.41
M4,2024-01-02T06:00:00,66.19,24.38
M4,2024-01-02T06:10:00,73.76,25.89
M4,2024-01-02T06:20:00,73.06,24.51
M4,2024-01-02T06:30:00,66.0,25.23
M4,2024-01-02T06:40:00,63.62,23.91
M4,2024-01-02T06:50:00,74.79,23.47
M4,2024-01-02T07:00:00,62.8,25.75
M4,2024-01-02T07:10:00,84.27,23.11
M4,2024-01-02T07:20:00,61.21,23.32
M4,2024-01-02T07:30:00,87.87,25.21
M4,2024-01-02T07:40:00,75.42,26.0
M4,2024-01-02T07:50:00,63.32,26.66
M4,2024-01-02T08:00:00,65.59,25.1
M4,2024-01-02T08:10:00,66.72,25.34
M4,2024-01-02T08:20:00,68.28,25.48
M4,2024-01-02T08:30:00,68.91,25.31
M4,2024-01-02T08:40:00,55.21,24.49
M4,2024-01-02T08:50:00,64.43,25.24
M4,2024-01-02T09:00:00,63.17,24.97
M4,2024-01-02T09:10:00,71.95,24.78
M4,2024-01-02T09:20:00,68.12,26.26
M4,2024-01-02T09:30:00,85.04,25.48
M4,2024-01-02T09:40:00,72.73,24.9
M4,2024-01-02T09:50:00,65.51,24.75
M4,2024-01-02T10:00:00,66.24,26.51
M4,2024-01-02T10:10:00,64.58,24.03
M4,2024-01-02T10:20:00,60.35,24.94
M4,2024-01-02T10:30:00,76.07,24.66
M4,2024-01-02T10:40:00,62.14,25.98
M4,2024-01-02T10:50:00,64.61,25.36
M4,2024-01-02T11:00:00,60.46,26.93
M4,2024-01-02T11:10:00,86.19,25.26
M4,2024-01-02T11:20:00,58.46,27.64
M4,2024-01-02T11:30:00,72.49,23.43
M4,2024-01-02T11:40:00,67.05,25.56
M4,2024-01-02T11:50:00,68.22,23.91
M4,2024-01-02T12:00:00,63.62,23.43
M4,2024-01-02T12:10:00,67.55,24.37
M4,2024-01-02T12:20:00,65.97,23.83
M4,2024-01-02T12:30:00,62.72,23.87
M4,2024-01-02T12:40:00,66.2,25.43
M4,2024-01-02T12:50:00,67.23,25.56
M4,2024-01-02T13:00:00,83.98,23.36
M4,2024-01-02T13:10:00,68.62,23.2
M4,2024-01-02T13:20:00,61.12,24.66
M4,2024-01-02T13:30:00,66.97,26.18
M4,2024-01-02T13:40:00,68.22,23.48
M4,2024-01-02T13:50:00,68.38,25.01
M4,2024-01-02T14:00:00,73.43,24.39
M4,2024-01-02T14:10:00,59.18,23.82
M4,2024-01-02T14:20:00,66.58,26.51
M4,2024-01-02T14:30:00,57.79,25.89
M4,2024-01-02T14:40:00,63.2,24.28
M4,2024-01-02T14:50:00,67.82,27.2
M4,2024-01-02T15:00:00,67.36,25.47
M4,2024-01-02T15:10:00,68.05,23.91
M4,2024-01-02T15:20:00,75.16,25.62
M4,2024-01-02T15:30:00,66.54,24.11
M4,2024-01-02T15:40:00,65.1,25.55
M4,2024-01-02T15:50:00,70.8,24.71
M4,2024-01-02T16:00:00,57.56,24.4
M4,2024-01-02T16:10:00,61.39,25.93
M4,2024-01-02T16:20:00,59.13,23.78
M4,2024-01-02T16:30:00,56.89,24.9
M4,2024-01-02T16:40:00,60.4,22.88
M4,2024-01-02T16:50:00,72.8,25.97
M4,2024-01-02T17:00:00,68.31,24.39
M4,2024-01-02T17:10:00,89.53,25.61
M4,2024-01-02T17:20:00,66.3,26.21
M4,2024-01-02T17:30:00,73.03,23.47
M4,2024-01-02T17:40:00,65.09,24.32
M4,2024-01-02T17:50:00,64.88,23.63
M4,2024-01-02T18:00:00,64.07,23.76
M4,2024-01-02T18:10:00,63.85,25.73
M4,2024-01-02T18:20:00,81.59,24.11
M4,2024-01-02T18:30:00,69.47,25.38
M4,2024-01-02T18:40:00,73.97,23.95
M4,2024-01-02T18:50:00,67.77,24.66
M4,2024-01-02T19:00:00,79.84,24.08
M4,2024-01-02T19:10:00,63.19,26.04
M4,2024-01-02T19:20:00,64.67,23.21
M4,2024-01-02T19:30:00,70.41,23.85
M4,2024-01-02T19:40:00,69.11,26.56
M4,2024-01-02T19:50:00,56.68,24.68
M4,2024-01-02T20:00:00,67.85,25.96
M4,2024-01-02T20:10:00,63.73,25.03
M4,2024-01-02T20:20:00,57.17,24.92
M4,2024-01-02T20:30:00,56.82,25.05
M4,2024-01-02T20:40:00,61.5,24.89
M4,2024-01-02T20:50:00,69.02,25.72
M4,2024-01-02T21:00:00,70.25,25.58
M4,2024-01-02T21:10:00,68.54,24.18
M4,2024-01-02T21:20:00,76.29,25.98
M4,2024-01-02T21:30:00,64.37,25.03
M4,2024-01-02T21:40:00,66.38,24.2
M4,2024-01-02T21:50:00,61.54,25.14
M4,2024-01-02T22:00:00,64.5,25.44
M4,2024-01-02T22:10:00,55.14,27.04
M4,2024-01-02T22:20:00,71.44,25.36
M4,2024-01-02T22:30:00,63.67,25.2
M4,2024-01-02T22:40:00,64.97,24.38
M4,2024-01-02T22:50:00,67.73,25.59
M4,2024-01-02T23:00:00,63.88,25.34
M4,2024-01-02T23:10:00,71.2,23.64
M4,2024-01-02T23:20:00,68.6,24.84
M4,2024-01-02T23:30:00,88.24,25.94
M4,2024-01-02T23:40:00,73.65,26.32
M4,2024-01-02T23:50:00,66.37,25.85
M4,2024-01-03T00:00:00,88.25,24.54
M4,2024-01-03T00:10:00,63.66,24.94
M4,2024-01-03T00:20:00,70.88,24.94
M4,2024-01-03T00:30:00,68.31,23.05
M4,2024-01-03T00:40:00,84.8,25.23
M4,2024-01-03T00:50:00,73.85,23.91
M4,2024-01-03T01:00:00,62.04,25.92
M4,2024-01-03T01:10:00,68.75,24.16
M4,2024-01-03T01:20:00,88.0,25.26
M4,2024-01-03T01:30:00,58.09,22.77
M4,2024-01-03T01:40:00,87.99,25.53
M4,2024-01-03T01:50:00,72.87,24.73
M4,2024-01-03T02:00:00,68.55,23.42
M4,2024-01-03T02:10:00,69.76,25.68
M4,2024-01-03T02:20:00,84.36,26.18
M4,2024-01-03T02:30:00,62.61,25.1
M4,2024-01-03T02:40:00,60.63,25.34
M4,2024-01-03T02:50:00,72.75,25.3
M4,2024-01-03T03:00:00,85.29,24.41
M4,2024-01-03T03:10:00,61.21,23.67
M4,2024-01-03T03:20:00,70.74,26.4
M4,2024-01-03T03:30:00,71.22,26.16
M4,2024-01-03T03:40:00,62.65,24.66
M4,2024-01-03T03:50:00,71.25,25.42
M4,2024-01-03T04:00:00,61.27,25.47
M4,2024-01-03T04:10:00,68.62,26.28
M4,2024-01-03T04:20:00,70.54,25.98
M4,2024-01-03T04:30:00,64.69,25.76
M4,2024-01-03T04:40:00,68.0,24.92
M4,2024-01-03T04:50:00,81.42,25.29
M4,2024-01-03T05:00:00,64.33,24.35
M4,2024-01-03T05:10:00,69.1,24.42
M4,2024-01-03T05:20:00,60.82,25.68
M4,2024-01-03T05:30:00,71.28,26.68
M4,2024-01-03T05:40:00,64.46,23.14
M4,2024-01-03T05:50:00,62.21,23.65
M4,2024-01-03T06:00:00,68.57,24.81
M4,2024-01-03T06:10:00,70.45,25.27
M4,2024-01-03T06:20:00,66.75,25.49
M4,2024-01-03T06:30:00,61.07,26.06
M4,2024-01-03T06:40:00,64.13,24.72
M4,2024-01-03T06:50:00,66.11,24.09
M4,2024-01-03T07:00:00,61.28,25.54
M4,2024-01-03T07:10:00,64.56,26.07
M4,2024-01-03T07:20:00,76.86,25.42
M4,2024-01-03T07:30:00,60.06,25.76
M4,2024-01-03T07:40:00,87.92,24.89
M4,2024-01-03T07:50:00,69.5,24.12
M4,2024-01-03T08:00:00,61.55,25.79
M4,2024-01-03T08:10:00,68.08,24.7
M4,2024-01-03T08:20:00,74.62,23.63
M4,2024-01-03T08:30:00,57.89,24.4
M4,2024-01-03T08:40:00,67.66,24.89
M4,2024-01-03T08:50:00,66.5,24.94
M4,2024-01-03T09:00:00,68.16,25.72
M4,2024-01-03T09:10:00,71.36,24.03
M4,2024-01-03T09:20:00,89.35,23.57
M4,2024-01-03T09:30:00,64.31,25.66
M4,2024-01-03T09:40:00,75.14,23.39
M4,2024-01-03T09:50:00,70.96,24.43
M4,2024-01-03T10:00:00,63.57,24.16
M4,2024-01-03T10:10:00,74.26,25.01
M4,2024-01-03T10:20:00,64.47,24.15
M4,2024-01-03T10:30:00,71.04,24.42
M4,2024-01-03T10:40:00,65.73,24.34
M4,2024-01-03T10:50:00,61.12,26.82
M4,2024-01-03T11:00:00,65.31,24.83
M4,2024-01-03T11:10:00,85.63,24.02
M4,2024-01-03T11:20:00,73.14,24.99
M4,2024-01-03T11:30:00,72.11,25.92
M4,2024-01-03T11:40:00,73.82,23.62
M4,2024-01-03T11:50:00,86.64,22.83
M4,2024-01-03T12:00:00,73.73,24.89
M4,2024-01-03T12:10:00,69.11,26.31
M4,2024-01-03T12:20:00,75.65,23.52
M4,2024-01-03T12:30:00,61.54,24.75
M4,2024-01-03T12:40:00,63.33,24.33
M4,2024-01-03T12:50:00,67.34,22.98
M4,2024-01-03T13:00:00,65.67,26.04
M4,2024-01-03T13:10:00,67.28,24.69
M4,2024-01-03T13:20:00,65.8,25.01
M4,2024-01-03T13:30:00,64.73,26.73
M4,2024-01-03T13:40:00,70.36,24.43
M4,2024-01-03T13:50:00,63.66,24.27
M4,2024-01-03T14:00:00,65.46,26.2
M4,2024-01-03T14:10:00,68.93,25.84
M4,2024-01-03T14:20:00,59.77,24.94
M4,2024-01-03T14:30:00,56.91,22.17
M4,2024-01-03T14:40:00,75.74,24.61
M4,2024-01-03T14:50:00,60.04,24.97
M4,2024-01-03T15:00:00,68.41,24.83
M4,2024-01-03T15:10:00,67.23,25.62
M4,2024-01-03T15:20:00,61.63,25.12
M4,2024-01-03T15:30:00,68.23,24.2
M4,2024-01-03T15:40:00,63.54,25.69
M4,2024-01-03T15:50:00,70.59,24.84
M4,2024-01-03T16:00:00,69.79,22.38
M4,2024-01-03T16:10:00,70.26,23.37
M4,2024-01-03T16:20:00,60.71,25.73
M4,2024-01-03T16:30:00,70.46,26.11
M4,2024-01-03T16:40:00,61.13,24.21
M4,2024-01-03T16:50:00,74.36,24.3
M4,2024-01-03T17:00:00,63.63,24.26
M4,2024-01-03T17:10:00,59.78,24.52
M4,2024-01-03T17:20:00,81.19,23.75
M4,2024-01-03T17:30:00,87.85,25.53
M4,2024-01-03T17:40:00,69.17,24.49
M4,2024-01-03T17:50:00,67.63,24.53
M4,2024-01-03T18:00:00,73.43,24.37
M4,2024-01-03T18:10:00,69.89,24.87
M4,2024-01-03T18:20:00,66.54,26.56
M4,2024-01-03T18:30:00,63.96,25.59
M4,2024-01-03T18:40:00,64.68,25.77
M4,2024-01-03T18:50:00,78.94,26.18
M4,2024-01-03T19:00:00,67.19,24.73
M4,2024-01-03T19:10:00,72.04,25.52
M4,2024-01-03T19:20:00,78.9,27.11
M4,2024-01-03T19:30:00,68.05,24.51
M4,2024-01-03T19:40:00,66.56,26.59
M4,2024-01-03T19:50:00,61.77,25.47
M4,2024-01-03T20:00:00,61.58,25.36
M4,2024-01-03T20:10:00,63.05,25.03
M4,2024-01-03T20:20:00,70.84,24.38
M4,2024-01-03T20:30:00,67.01,25.41
M4,2024-01-03T20:40:00,64.23,25.38
M4,2024-01-03T20:50:00,62.66,25.1
M4,2024-01-03T21:00:00,69.92,24.63
M4,2024-01-03T21:10:00,64.33,25.29
M4,2024-01-03T21:20:00,72.92,24.41
M4,2024-01-03T21:30:00,60.65,25.67
M4,2024-01-03T21:40:00,68.31,26.02
M4,2024-01-03T21:50:00,61.08,24.75
M4,2024-01-03T22:00:00,64.98,25.27
M4,2024-01-03T22:10:00,70.23,25.02
M4,2024-01-03T22:20:00,72.39,24.67
M4,2024-01-03T22:30:00,61.52,21.82
M4,2024-01-03T22:40:00,65.3,26.17
M4,2024-01-03T22:50:00,80.78,24.69
M4,2024-01-03T23:00:00,66.67,26.45
M4,2024-01-03T23:10:00,65.67,24.6
M4,2024-01-03T23:20:00,62.58,24.48
M4,2024-01-03T23:30:00,69.43,23.05
M4,2024-01-03T23:40:00,63.25,22.96
M4,2024-01-03T23:50:00,60.02,24.29
M5,2024-01-01T00:00:00,74.91,24.74
M5,2024-01-01T00:10:00,74.14,24.58
M5,2024-01-01T00:20:00,60.06,25.3
M5,2024-01-01T00:30:00,68.54,24.75
M5,2024-01-01T00:40:00,62.3,26.16
M5,2024-01-01T00:50:00,66.21,24.82
M5,2024-01-01T01:00:00,70.4,24.8
M5,2024-01-01T01:10:00,71.62,23.95
M5,2024-01-01T01:20:00,65.11,25.15
M5,2024-01-01T01:30:00,69.94,25.62
M5,2024-01-01T01:40:00,62.95,24.54
M5,2024-01-01T01:50:00,73.75,24.35
M5,2024-01-01T02:00:00,66.01,24.12
M5,2024-01-01T02:10:00,72.83,25.53
M5,2024-01-01T02:20:00,62.94,24.71
M5,2024-01-01T02:30:00,64.19,25.48
M5,2024-01-01T02:40:00,78.69,24.76
M5,2024-01-01T02:50:00,72.91,27.34
M5,2024-01-01T03:00:00,82.97,25.42
M5,2024-01-01T03:10:00,64.62,24.17
M5,2024-01-01T03:20:00,60.17,24.29
M5,2024-01-01T03:30:00,67.95,24.96
M5,2024-01-01T03:40:00,83.4,25.15
M5,2024-01-01T03:50:00,82.38,26.36
M5,2024-01-01T04:00:00,64.73,24.51
M5,2024-01-01T04:10:00,60.3,25.43
M5,2024-01-01T04:20:00,69.92,25.61
M5,2024-01-01T04:30:00,71.97,26.37
M5,2024-01-01T04:40:00,67.86,25.39
M5,2024-01-01T04:50:00,70.16,24.53
M5,2024-01-01T05:00:00,68.01,24.58
M5,2024-01-01T05:10:00,68.14,25.64
M5,2024-01-01T05:20:00,61.93,23.31
M5,2024-01-01T05:30:00,81.81,24.99
M5,2024-01-01T05:40:00,73.04,24.34
M5,2024-01-01T05:50:00,65.04,23.98
M5,2024-01-01T06:00:00,68.9,24.56
M5,2024-01-01T06:10:00,64.52,23.85
M5,2024-01-01T06:20:00,62.52,25.3
M5,2024-01-01T06:30:00,64.41,26.33
M5,2024-01-01T06:40:00,67.56,25.86
M5,2024-01-01T06:50:00,72.31,24.62
M5,2024-01-01T07:00:00,71.45,25.37
M5,2024-01-01T07:10:00,75.32,25.31
M5,2024-01-01T07:20:00,61.31,25.36
M5,2024-01-01T07:30:00,64.76,25.24
M5,2024-01-01T07:40:00,64.49,23.99
M5,2024-01-01T07:50:00,88.29,22.81
M5,2024-01-01T08:00:00,71.85,25.47
M5,2024-01-01T08:10:00,67.02,26.23
M5,2024-01-01T08:20:00,65.55,24.41
M5,2024-01-01T08:30:00,69.94,24.79
M5,2024-01-01T08:40:00,91.62,26.2
M5,2024-01-01T08:50:00,63.3,23.67
M5,2024-01-01T09:00:00,69.44,24.54
M5,2024-01-01T09:10:00,70.95,25.97
M5,2024-01-01T09:20:00,72.29,25.2
M5,2024-01-01T09:30:00,66.74,25.5
M5,2024-01-01T09:40:00,69.62,24.87
M5,2024-01-01T09:50:00,63.72,24.76
M5,2024-01-01T10:00:00,72.17,24.31
M5,2024-01-01T10:10:00,74.64,24.92
M5,2024-01-01T10:20:00,56.64,24.05
M5,2024-01-01T10:30:00,73.89,25.12
M5,2024-01-01T10:40:00,77.22,25.29
M5,2024-01-01T10:50:00,68.43,24.85
M5,2024-01-01T11:00:00,76.29,25.97
M5,2024-01-01T11:10:00,85.58,27.39
M5,2024-01-01T11:20:00,63.66,24.78
M5,2024-01-01T11:30:00,66.43,25.57
M5,2024-01-01T11:40:00,68.56,26.78
M5,2024-01-01T11:50:00,71.04,24.15
M5,2024-01-01T12:00:00,66.14,23.64
M5,2024-01-01T12:10:00,70.66,23.73
M5,2024-01-01T12:20:00,65.44,26.23
M5,2024-01-01T12:30:00,89.79,25.73
M5,2024-01-01T12:40:00,83.33,25.02
M5,2024-01-01T12:50:00,56.48,27.04
M5,2024-01-01T13:00:00,64.63,25.19
M5,2024-01-01T13:10:00,66.07,23.4
M5,2024-01-01T13:20:00,57.87,26.05
M5,2024-01-01T13:30:00,73.44,25.01
M5,2024-01-01T13:40:00,69.54,24.81
M5,2024-01-01T13:50:00,70.66,25.54
M5,2024-01-01T14:00:00,68.16,25.9
M5,2024-01-01T14:10:00,77.93,24.31
M5,2024-01-01T14:20:00,62.63,25.96
M5,2024-01-01T14:30:00,66.15,24.19
M5,2024-01-01T14:40:00,66.93,23.2
M5,2024-01-01T14:50:00,72.61,24.81
M5,2024-01-01T15:00:00,65.89,25.29
M5,2024-01-01T15:10:00,60.92,23.88
M5,2024-01-01T15:20:00,71.7,24.61
M5,2024-01-01T15:30:00,65.32,23.66
M5,2024-01-01T15:40:00,67.71,25.23
M5,2024-01-01T15:50:00,66.9,25.29
M5,2024-01-01T16:00:00,83.69,23.37
M5,2024-01-01T16:10:00,70.05,23.44
M5,2024-01-01T16:20:00,74.72,25.09
M5,2024-01-01T16:30:00,62.03,25.14
M5,2024-01-01T16:40:00,58.33,25.22
M5,2024-01-01T16:50:00,87.87,27.32
M5,2024-01-01T17:00:00,63.32,24.97
M5,2024-01-01T17:10:00,57.9,24.29
M5,2024-01-01T17:20:00,69.26,23.79
M5,2024-01-01T17:30:00,66.42,24.65
M5,2024-01-01T17:40:00,68.57,25.13
M5,2024-01-01T17:50:00,63.17,25.07
M5,2024-01-01T18:00:00,70.53,26.19
M5,2024-01-01T18:10:00,68.24,25.08
M5,2024-01-01T18:20:00,67.16,25.81
M5,2024-01-01T18:30:00,61.63,25.08
M5,2024-01-01T18:40:00,78.7,24.67
M5,2024-01-01T18:50:00,84.88,23.6
M5,2024-01-01T19:00:00,60.83,23.1
M5,2024-01-01T19:10:00,59.09,25.82
M5,2024-01-01T19:20:00,65.37,24.06
M5,2024-01-01T19:30:00,87.07,24.32
M5,2024-01-01T19:40:00,66.75,24.17
M5,2024-01-01T19:50:00,85.45,25.1
M5,2024-01-01T20:00:00,65.31,25.14
M5,2024-01-01T20:10:00,68.96,25.45
M5,2024-01-01T20:20:00,69.91,24.55
M5,2024-01-01T20:30:00,63.54,24.34
M5,2024-01-01T20:40:00,64.88,26.06
M5,2024-01-01T20:50:00,71.54,25.12
M5,2024-01-01T21:00:00,70.99,23.82
M5,2024-01-01T21:10:00,78.38,24.15
M5,2024-01-01T21:20:00,66.8,23.25
M5,2024-01-01T21:30:00,67.69,27.92
M5,2024-01-01T21:40:00,57.35,24.33
M5,2024-01-01T21:50:00,66.54,25.02
M5,2024-01-01T22:00:00,62.59,26.4
M5,2024-01-01T22:10:00,82.7,23.87
M5,2024-01-01T22:20:00,61.26,25.26
M5,2024-01-01T22:30:00,69.75,26.8
M5,2024-01-01T22:40:00,74.77,23.0
M5,2024-01-01T22:50:00,85.66,24.55
M5,2024-01-01T23:00:00,63.06,23.61
M5,2024-01-01T23:10:00,65.16,25.21
M5,2024-01-01T23:20:00,62.99,22.55
M5,2024-01-01T23:30:00,86.67,24.41
M5,2024-01-01T23:40:00,62.55,23.48
M5,2024-01-01T23:50:00,62.77,25.93
M5,2024-01-02T00:00:00,68.32,24.84
M5,2024-01-02T00:10:00,78.91,25.83
M5,2024-01-02T00:20:00,67.53,26.39
M5,2024-01-02T00:30:00,67.54,23.92
M5,2024-01-02T00:40:00,70.8,24.61
M5,2024-01-02T00:50:00,68.45,24.49
M5,2024-01-02T01:00:00,67.15,22.67
M5,2024-01-02T01:10:00,65.88,24.07
M5,2024-01-02T01:20:00,73.6,25.17
M5,2024-01-02T01:30:00,70.0,25.96
M5,2024-01-02T01:40:00,63.32,26.67
M5,2024-01-02T01:50:00,68.54,27.07
M5,2024-01-02T02:00:00,70.38,24.73
M5,2024-01-02T02:10:00,66.49,24.16
M5,2024-01-02T02:20:00,66.87,26.46
M5,2024-01-02T02:30:00,64.0,23.44
M5,2024-01-02T02:40:00,68.55,25.66
M5,2024-01-02T02:50:00,62.17,24.46
M5,2024-01-02T03:00:00,59.36,24.5
M5,2024-01-02T03:10:00,64.94,24.26
M5,2024-01-02T03:20:00,57.13,24.25
M5,2024-01-02T03:30:00,68.36,25.42
M5,2024-01-02T03:40:00,63.71,25.46
M5,2024-01-02T03:50:00,72.46,24.45
M5,2024-01-02T04:00:00,68.81,25.97
M5,2024-01-02T04:10:00,73.45,27.59
M5,2024-01-02T04:20:00,69.57,24.62
M5,2024-01-02T04:30:00,59.65,23.74
M5,2024-01-02T04:40:00,70.39,23.92
M5,2024-01-02T04:50:00,75.09,25.42
M5,2024-01-02T05:00:00,72.6,24.48
M5,2024-01-02T05:10:00,74.87,25.46
M5,2024-01-02T05:20:00,65.07,23.13
M5,2024-01-02T05:30:00,67.4,25.76
M5,2024-01-02T05:40:00,70.82,24.02
M5,2024-01-02T05:50:00,65.71,26.08
M5,2024-01-02T06:00:00,59.5,24.65
M5,2024-01-02T06:10:00,65.64,26.23
M5,2024-01-02T06:20:00,65.7,24.34
M5,2024-01-02T06:30:00,59.45,24.78
M5,2024-01-02T06:40:00,62.08,24.55
M5,2024-01-02T06:50:00,72.42,25.21
M5,2024-01-02T07:00:00,58.95,24.3
M5,2024-01-02T07:10:00,64.31,24.75
M5,2024-01-02T07:20:00,88.68,24.82
M5,2024-01-02T07:30:00,63.14,24.5
M5,2024-01-02T07:40:00,71.56,24.33
M5,2024-01-02T07:50:00,65.26,25.77
M5,2024-01-02T08:00:00,68.68,25.91
M5,2024-01-02T08:10:00,58.49,24.44
M5,2024-01-02T08:20:00,68.3,24.98
M5,2024-01-02T08:30:00,84.18,22.8
M5,2024-01-02T08:40:00,72.68,24.09
M5,2024-01-02T08:50:00,67.84,26.16
M5,2024-01-02T09:00:00,62.85,23.4
M5,2024-01-02T09:10:00,57.96,24.73
M5,2024-01-02T09:20:00,63.86,24.71
M5,2024-01-02T09:30:00,66.05,23.5
M5,2024-01-02T09:40:00,70.21,25.8
M5,2024-01-02T09:50:00,60.79,23.87
M5,2024-01-02T10:00:00,66.44,26.44
M5,2024-01-02T10:10:00,69.16,25.74
M5,2024-01-02T10:20:00,69.23,25.02
M5,2024-01-02T10:30:00,70.04,24.44
M5,2024-01-02T10:40:00,70.3,23.93
M5,2024-01-02T10:50:00,71.21,25.02
M5,2024-01-02T11:00:00,65.0,23.97
M5,2024-01-02T11:10:00,60.35,22.82
M5,2024-01-02T11:20:00,72.46,23.52
M5,2024-01-02T11:30:00,68.2,25.73
M5,2024-01-02T11:40:00,85.19,24.19
M5,2024-01-02T11:50:00,61.06,24.6
M5,2024-01-02T12:00:00,67.02,25.59
M5,2024-01-02T12:10:00,59.34,26.15
M5,2024-01-02T12:20:00,60.33,24.72
M5,2024-01-02T12:30:00,63.18,25.88
M5,2024-01-02T12:40:00,63.83,23.95
M5,2024-01-02T12:50:00,64.15,23.82
M5,2024-01-02T13:00:00,51.64,25.78
M5,2024-01-02T13:10:00,66.11,25.66
M5,2024-01-02T13:20:00,59.72,24.58
M5,2024-01-02T13:30:00,67.54,24.65
M5,2024-01-02T13:40:00,69.09,25.36
M5,2024-01-02T13:50:00,68.71,24.94
M5,2024-01-02T14:00:00,63.51,24.05
M5,2024-01-02T14:10:00,70.78,24.78
M5,2024-01-02T14:20:00,70.4,24.86
M5,2024-01-02T14:30:00,85.96,23.59
M5,2024-01-02T14:40:00,66.49,24.52
M5,2024-01-02T14:50:00,71.88,26.4
M5,2024-01-02T15:00:00,66.23,24.14
M5,2024-01-02T15:10:00,66.82,25.66
M5,2024-01-02T15:20:00,66.94,26.59
M5,2024-01-02T15:30:00,68.47,25.25
M5,2024-01-02T15:40:00,67.43,24.41
M5,2024-01-02T15:50:00,65.13,24.5
M5,2024-01-02T16:00:00,53.9,23.71
M5,2024-01-02T16:10:00,83.55,26.1
M5,2024-01-02T16:20:00,72.92,26.04
M5,2024-01-02T16:30:00,55.08,25.75
M5,2024-01-02T16:40:00,60.13,25.97
M5,2024-01-02T16:50:00,64.94,26.02
M5,2024-01-02T17:00:00,59.94,24.86
M5,2024-01-02T17:10:00,66.36,24.35
M5,2024-01-02T17:20:00,74.91,24.59
M5,2024-01-02T17:30:00,67.83,23.62
M5,2024-01-02T17:40:00,68.48,25.29
M5,2024-01-02T17:50:00,61.74,22.47
M5,2024-01-02T18:00:00,63.07,24.22
M5,2024-01-02T18:10:00,67.68,25.73
M5,2024-01-02T18:20:00,65.74,25.67
M5,2024-01-02T18:30:00,69.52,25.63
M5,2024-01-02T18:40:00,70.07,22.75
M5,2024-01-02T18:50:00,82.76,24.34
M5,2024-01-02T19:00:00,63.89,25.86
M5,2024-01-02T19:10:00,72.59,25.01
M5,2024-01-02T19:20:00,65.9,24.36
M5,2024-01-02T19:30:00,73.58,25.21
M5,2024-01-02T19:40:00,69.31,26.3
M5,2024-01-02T19:50:00,61.72,24.65
M5,2024-01-02T20:00:00,70.24,23.37
M5,2024-01-02T20:10:00,73.12,24.8
M5,2024-01-02T20:20:00,75.49,22.69
M5,2024-01-02T20:30:00,64.54,26.33
M5,2024-01-02T20:40:00,74.26,24.26
M5,2024-01-02T20:50:00,84.81,23.55
M5,2024-01-02T21:00:00,70.85,25.05
M5,2024-01-02T21:10:00,61.77,24.97
M5,2024-01-02T21:20:00,68.99,24.75
M5,2024-01-02T21:30:00,67.16,25.69
M5,2024-01-02T21:40:00,64.77,25.34
M5,2024-01-02T21:50:00,66.99,24.47
M5,2024-01-02T22:00:00,64.61,23.88
M5,2024-01-02T22:10:00,63.66,25.19
M5,2024-01-02T22:20:00,68.49,23.73
M5,2024-01-02T22:30:00,75.22,25.39
M5,2024-01-02T22:40:00,65.09,26.51
M5,2024-01-02T22:50:00,72.93,26.54
M5,2024-01-02T23:00:00,68.12,25.5
M5,2024-01-02T23:10:00,72.62,23.26
M5,2024-01-02T23:20:00,59.78,25.69
M5,2024-01-02T23:30:00,84.36,25.97
M5,2024-01-02T23:40:00,66.16,25.77
M5,2024-01-02T23:50:00,71.49,25.04
M5,2024-01-03T00:00:00,67.92,24.59
M5,2024-01-03T00:10:00,72.19,25.09
M5,2024-01-03T00:20:00,63.12,24.97
M5,2024-01-03T00:30:00,68.95,24.85
M5,2024-01-03T00:40:00,76.97,24.54
M5,2024-01-03T00:50:00,75.58,24.9
M5,2024-01-03T01:00:00,74.44,26.11
M5,2024-01-03T01:10:00,63.3,25.86
M5,2024-01-03T01:20:00,71.77,25.83
M5,2024-01-03T01:30:00,77.42,23.99
M5,2024-01-03T01:40:00,65.4,25.54
M5,2024-01-03T01:50:00,52.83,26.36
M5,2024-01-03T02:00:00,75.0,25.56
M5,2024-01-03T02:10:00,74.24,25.94
M5,2024-01-03T02:20:00,58.59,24.7
M5,2024-01-03T02:30:00,72.05,24.96
M5,2024-01-03T02:40:00,65.05,25.24
M5,2024-01-03T02:50:00,67.04,23.52
M5,2024-01-03T03:00:00,73.93,24.55
M5,2024-01-03T03:10:00,58.35,26.33
M5,2024-01-03T03:20:00,72.9,27.07
M5,2024-01-03T03:30:00,60.41,25.02
M5,2024-01-03T03:40:00,61.58,25.12
M5,2024-01-03T03:50:00,62.24,24.66
M5,2024-01-03T04:00:00,64.12,24.26
M5,2024-01-03T04:10:00,73.28,24.5
M5,2024-01-03T04:20:00,64.32,24.24
M5,2024-01-03T04:30:00,68.66,23.95
M5,2024-01-03T04:40:00,68.43,25.14
M5,2024-01-03T04:50:00,65.0,24.25
M5,2024-01-03T05:00:00,66.19,24.97
M5,2024-01-03T05:10:00,67.29,24.4
M5,2024-01-03T05:20:00,78.76,24.45
M5,2024-01-03T05:30:00,63.13,26.9
M5,2024-01-03T05:40:00,57.98,25.27
M5,2024-01-03T05:50:00,87.57,25.4
M5,2024-01-03T06:00:00,68.81,25.32
M5,2024-01-03T06:10:00,69.25,24.74
M5,2024-01-03T06:20:00,63.86,25.07
M5,2024-01-03T06:30:00,83.7,26.72
M5,2024-01-03T06:40:00,69.84,23.97
M5,2024-01-03T06:50:00,83.66,23.79
M5,2024-01-03T07:00:00,60.16,23.89
M5,2024-01-03T07:10:00,66.28,25.04
M5,2024-01-03T07:20:00,65.1,25.72
M5,2024-01-03T07:30:00,69.9,26.41
M5,2024-01-03T07:40:00,60.77,25.52
M5,2024-01-03T07:50:00,58.15,25.37
M5,2024-01-03T08:00:00,69.45,25.75
M5,2024-01-03T08:10:00,84.95,24.02
M5,2024-01-03T08:20:00,55.65,24.79
M5,2024-01-03T08:30:00,66.02,23.96
M5,2024-01-03T08:40:00,71.83,24.32
M5,2024-01-03T08:50:00,85.09,25.52
M5,2024-01-03T09:00:00,64.07,24.81
M5,2024-01-03T09:10:00,67.54,24.68
M5,2024-01-03T09:20:00,59.21,27.83
M5,2024-01-03T09:30:00,70.49,24.16
M5,2024-01-03T09:40:00,59.95,25.36
M5,2024-01-03T09:50:00,67.15,25.7
M5,2024-01-03T10:00:00,71.25,23.73
M5,2024-01-03T10:10:00,66.31,25.59
M5,2024-01-03T10:20:00,81.08,22.61
M5,2024-01-03T10:30:00,58.87,22.49
M5,2024-01-03T10:40:00,66.14,25.44
M5,2024-01-03T10:50:00,94.29,24.74
M5,2024-01-03T11:00:00,68.89,25.7
M5,2024-01-03T11:10:00,72.89,25.14
M5,2024-01-03T11:20:00,66.38,22.66
M5,2024-01-03T11:30:00,72.52,26.44
M5,2024-01-03T11:40:00,62.27,25.26
M5,2024-01-03T11:50:00,77.69,25.68
M5,2024-01-03T12:00:00,66.29,24.16
M5,2024-01-03T12:10:00,67.17,25.27
M5,2024-01-03T12:20:00,63.75,24.72
M5,2024-01-03T12:30:00,64.02,23.33
M5,2024-01-03T12:40:00,58.18,25.29
M5,2024-01-03T12:50:00,81.69,25.82
M5,2024-01-03T13:00:00,87.02,26.77
M5,2024-01-03T13:10:00,60.86,24.41
M5,2024-01-03T13:20:00,59.72,26.87
M5,2024-01-03T13:30:00,70.6,24.45
M5,2024-01-03T13:40:00,57.66,25.42
M5,2024-01-03T13:50:00,68.22,24.53
M5,2024-01-03T14:00:00,62.47,26.57
M5,2024-01-03T14:10:00,55.88,24.48
M5,2024-01-03T14:20:00,72.41,23.74
M5,2024-01-03T14:30:00,65.33,23.21
M5,2024-01-03T14:40:00,66.21,25.22
M5,2024-01-03T14:50:00,63.73,24.61
M5,2024-01-03T15:00:00,60.2,26.23
M5,2024-01-03T15:10:00,58.91,25.38
M5,2024-01-03T15:20:00,67.48,23.98
M5,2024-01-03T15:30:00,70.36,23.5
M5,2024-01-03T15:40:00,60.05,24.52
M5,2024-01-03T15:50:00,55.67,24.65
M5,2024-01-03T16:00:00,60.05,23.55
M5,2024-01-03T16:10:00,69.25,26.01
M5,2024-01-03T16:20:00,72.11,24.47
M5,2024-01-03T16:30:00,85.11,26.09
M5,2024-01-03T16:40:00,77.46,24.96
M5,2024-01-03T16:50:00,84.54,26.06
M5,2024-01-03T17:00:00,66.08,23.9
M5,2024-01-03T17:10:00,75.36,24.1
M5,2024-01-03T17:20:00,67.51,25.47
M5,2024-01-03T17:30:00,65.83,24.11
M5,2024-01-03T17:40:00,72.44,25.21
M5,2024-01-03T17:50:00,86.94,23.9
M5,2024-01-03T18:00:00,67.82,23.94
M5,2024-01-03T18:10:00,58.24,24.14
M5,2024-01-03T18:20:00,68.27,24.1
M5,2024-01-03T18:30:00,62.17,24.2
M5,2024-01-03T18:40:00,66.21,24.46
M5,2024-01-03T18:50:00,75.37,25.44
M5,2024-01-03T19:00:00,73.79,26.79
M5,2024-01-03T19:10:00,60.4,25.77
M5,2024-01-03T19:20:00,65.54,24.6
M5,2024-01-03T19:30:00,69.46,25.83
M5,2024-01-03T19:40:00,61.51,23.28
M5,2024-01-03T19:50:00,67.68,25.03
M5,2024-01-03T20:00:00,70.52,24.47
M5,2024-01-03T20:10:00,66.38,25.6
M5,2024-01-03T20:20:00,78.04,24.41
M5,2024-01-03T20:30:00,67.17,23.62
M5,2024-01-03T20:40:00,70.01,25.8
M5,2024-01-03T20:50:00,68.69,24.41
M5,2024-01-03T21:00:00,66.46,24.62
M5,2024-01-03T21:10:00,69.23,24.36
M5,2024-01-03T21:20:00,85.88,23.8
M5,2024-01-03T21:30:00,68.2,25.49
M5,2024-01-03T21:40:00,67.47,23.96
M5,2024-01-03T21:50:00,74.95,24.43
M5,2024-01-03T22:00:00,69.49,25.75
M5,2024-01-03T22:10:00,62.01,25.52
M5,2024-01-03T22:20:00,65.58,25.64
M5,2024-01-03T22:30:00,69.34,23.83
M5,2024-01-03T22:40:00,63.68,23.97
M5,2024-01-03T22:50:00,65.93,25.84
M5,2024-01-03T23:00:00,57.46,24.45
M5,2024-01-03T23:10:00,66.71,25.45
M5,2024-01-03T23:20:00,61.11,25.23
M5,2024-01-03T23:30:00,77.89,25.19
M5,2024-01-03T23:40:00,71.53,24.87
M5,2024-01-03T23:50:00,79.46,24.72
